"Dagger","Asterisk","PDx","MDC"
A010,G01,G01,01
A010,I390,I390,05
A010,I391,I391,05
A010,I392,I392,05
A010,I393,I393,05
A010,I394,I394,05
A010,I398,I398,05
A010,I410,I410,05
A010,J170,J170,04
A010,M013,M013,08
A010,M0130,M0130,08
A010,M0131,M0131,08
A010,M0132,M0132,08
A010,M0133,M0133,08
A010,M0134,M0134,08
A010,M0135,M0135,08
A010,M0136,M0136,08
A010,M0137,M0137,08
A010,M0138,M0138,08
A010,M0139,M0139,08
A010,M492,M492,08
A010,M4920,M4920,08
A010,M4921,M4921,08
A010,M4922,M4922,08
A010,M4923,M4923,08
A010,M4924,M4924,08
A010,M4925,M4925,08
A010,M4926,M4926,08
A010,M4927,M4927,08
A010,M4928,M4928,08
A010,M4929,M4929,08
A010,M902,M902,08
A010,M9020,M9020,08
A010,M9021,M9021,08
A010,M9022,M9022,08
A010,M9023,M9023,08
A010,M9024,M9024,08
A010,M9025,M9025,08
A010,M9026,M9026,08
A010,M9027,M9027,08
A010,M9028,M9028,08
A010,M9029,M9029,08
A011,M013,M013,08
A011,M0130,M0130,08
A011,M0131,M0131,08
A011,M0132,M0132,08
A011,M0133,M0133,08
A011,M0134,M0134,08
A011,M0135,M0135,08
A011,M0136,M0136,08
A011,M0137,M0137,08
A011,M0138,M0138,08
A011,M0139,M0139,08
A012,M013,M013,08
A012,M0130,M0130,08
A012,M0131,M0131,08
A012,M0132,M0132,08
A012,M0133,M0133,08
A012,M0134,M0134,08
A012,M0135,M0135,08
A012,M0136,M0136,08
A012,M0137,M0137,08
A012,M0138,M0138,08
A012,M0139,M0139,08
A013,M013,M013,08
A013,M0130,M0130,08
A013,M0131,M0131,08
A013,M0132,M0132,08
A013,M0133,M0133,08
A013,M0134,M0134,08
A013,M0135,M0135,08
A013,M0136,M0136,08
A013,M0137,M0137,08
A013,M0138,M0138,08
A013,M0139,M0139,08
A014,M013,M013,08
A014,M0130,M0130,08
A014,M0131,M0131,08
A014,M0132,M0132,08
A014,M0133,M0133,08
A014,M0134,M0134,08
A014,M0135,M0135,08
A014,M0136,M0136,08
A014,M0137,M0137,08
A014,M0138,M0138,08
A014,M0139,M0139,08
A022,G01,G01,01
A022,J170,J170,04
A022,M013,M013,08
A022,M0130,M0130,08
A022,M0131,M0131,08
A022,M0132,M0132,08
A022,M0133,M0133,08
A022,M0134,M0134,08
A022,M0135,M0135,08
A022,M0136,M0136,08
A022,M0137,M0137,08
A022,M0138,M0138,08
A022,M0139,M0139,08
A022,M902,M902,08
A022,M9020,M9020,08
A022,M9021,M9021,08
A022,M9022,M9022,08
A022,M9023,M9023,08
A022,M9024,M9024,08
A022,M9025,M9025,08
A022,M9026,M9026,08
A022,M9027,M9027,08
A022,M9028,M9028,08
A022,M9029,M9029,08
A022,N160,N160,11
A039,M013,M013,08
A039,M0130,M0130,08
A039,M0131,M0131,08
A039,M0132,M0132,08
A039,M0133,M0133,08
A039,M0134,M0134,08
A039,M0135,M0135,08
A039,M0136,M0136,08
A039,M0137,M0137,08
A039,M0138,M0138,08
A039,M0139,M0139,08
A046,M032,M032,08
A046,M0320,M0320,08
A046,M0321,M0321,08
A046,M0322,M0322,08
A046,M0323,M0323,08
A046,M0324,M0324,08
A046,M0325,M0325,08
A046,M0326,M0326,08
A046,M0327,M0327,08
A046,M0328,M0328,08
A046,M0329,M0329,08
A049,M492,M492,08
A049,M4920,M4920,08
A049,M4921,M4921,08
A049,M4922,M4922,08
A049,M4923,M4923,08
A049,M4924,M4924,08
A049,M4925,M4925,08
A049,M4926,M4926,08
A049,M4927,M4927,08
A049,M4928,M4928,08
A049,M4929,M4929,08
A068,N512,N512,12
A085,M018,M018,08
A085,M0180,M0180,08
A085,M0181,M0181,08
A085,M0182,M0182,08
A085,M0183,M0183,08
A085,M0184,M0184,08
A085,M0185,M0185,08
A085,M0186,M0186,08
A085,M0187,M0187,08
A085,M0188,M0188,08
A085,M0189,M0189,08
A090,M018,M018,08
A090,M0180,M0180,08
A090,M0181,M0181,08
A090,M0182,M0182,08
A090,M0183,M0183,08
A090,M0184,M0184,08
A090,M0185,M0185,08
A090,M0186,M0186,08
A090,M0187,M0187,08
A090,M0188,M0188,08
A090,M0189,M0189,08
A099,M018,M018,08
A099,M0180,M0180,08
A099,M0181,M0181,08
A099,M0182,M0182,08
A099,M0183,M0183,08
A099,M0184,M0184,08
A099,M0185,M0185,08
A099,M0186,M0186,08
A099,M0187,M0187,08
A099,M0188,M0188,08
A099,M0189,M0189,08
A180,H750,H750,03
A181,N510,N510,12
A181,N511,N511,12
A181,N512,N512,12
A181,N518,N518,12
A181,N740,N740,13
A181,N741,N741,13
A181,N770,N770,13
A181,N771,N771,13
A184,H031,H031,02
A188,D638,D638,16
A188,D77,D77,16
A188,E350,E350,10
A188,E358,E358,10
A188,I320,I320,05
A188,I390,I390,05
A188,I391,I391,05
A188,I392,I392,05
A188,I393,I393,05
A188,I394,I394,05
A188,I398,I398,05
A188,I410,I410,05
A188,I430,I430,05
A188,I681,I681,01
A188,I798,I798,05
A188,K230,K230,06
A188,K770,K770,07
A188,K870,K870,07
A188,K871,K871,07
A188,K938,K938,06
A188,M368,M368,08
A188,M630,M630,08
A188,M738,M738,08
A188,M7380,M7380,08
A188,M7381,M7381,08
A188,M7382,M7382,08
A188,M7383,M7383,08
A188,M7384,M7384,08
A188,M7385,M7385,08
A188,M7386,M7386,08
A188,M7387,M7387,08
A188,M7388,M7388,08
A188,M7389,M7389,08
A300,G630,G630,01
A300,H031,H031,02
A300,H192,H192,02
A300,H220,H220,02
A300,H320,H320,02
A300,M013,M013,08
A300,M0130,M0130,08
A300,M0131,M0131,08
A300,M0132,M0132,08
A300,M0133,M0133,08
A300,M0134,M0134,08
A300,M0135,M0135,08
A300,M0136,M0136,08
A300,M0137,M0137,08
A300,M0138,M0138,08
A300,M0139,M0139,08
A300,M630,M630,08
A301,G630,G630,01
A301,H031,H031,02
A301,H192,H192,02
A301,H220,H220,02
A301,H320,H320,02
A301,M013,M013,08
A301,M0130,M0130,08
A301,M0131,M0131,08
A301,M0132,M0132,08
A301,M0133,M0133,08
A301,M0134,M0134,08
A301,M0135,M0135,08
A301,M0136,M0136,08
A301,M0137,M0137,08
A301,M0138,M0138,08
A301,M0139,M0139,08
A301,M630,M630,08
A302,G630,G630,01
A302,H031,H031,02
A302,H192,H192,02
A302,H220,H220,02
A302,H320,H320,02
A302,M013,M013,08
A302,M0130,M0130,08
A302,M0131,M0131,08
A302,M0132,M0132,08
A302,M0133,M0133,08
A302,M0134,M0134,08
A302,M0135,M0135,08
A302,M0136,M0136,08
A302,M0137,M0137,08
A302,M0138,M0138,08
A302,M0139,M0139,08
A302,M630,M630,08
A303,G630,G630,01
A303,H031,H031,02
A303,H192,H192,02
A303,H220,H220,02
A303,H320,H320,02
A303,M013,M013,08
A303,M0130,M0130,08
A303,M0131,M0131,08
A303,M0132,M0132,08
A303,M0133,M0133,08
A303,M0134,M0134,08
A303,M0135,M0135,08
A303,M0136,M0136,08
A303,M0137,M0137,08
A303,M0138,M0138,08
A303,M0139,M0139,08
A303,M630,M630,08
A304,G630,G630,01
A304,H031,H031,02
A304,H192,H192,02
A304,H220,H220,02
A304,H320,H320,02
A304,M013,M013,08
A304,M0130,M0130,08
A304,M0131,M0131,08
A304,M0132,M0132,08
A304,M0133,M0133,08
A304,M0134,M0134,08
A304,M0135,M0135,08
A304,M0136,M0136,08
A304,M0137,M0137,08
A304,M0138,M0138,08
A304,M0139,M0139,08
A304,M630,M630,08
A305,G630,G630,01
A305,H031,H031,02
A305,H192,H192,02
A305,H220,H220,02
A305,H320,H320,02
A305,M013,M013,08
A305,M0130,M0130,08
A305,M0131,M0131,08
A305,M0132,M0132,08
A305,M0133,M0133,08
A305,M0134,M0134,08
A305,M0135,M0135,08
A305,M0136,M0136,08
A305,M0137,M0137,08
A305,M0138,M0138,08
A305,M0139,M0139,08
A305,M630,M630,08
A308,G630,G630,01
A308,H031,H031,02
A308,H192,H192,02
A308,H220,H220,02
A308,H320,H320,02
A308,M013,M013,08
A308,M0130,M0130,08
A308,M0131,M0131,08
A308,M0132,M0132,08
A308,M0133,M0133,08
A308,M0134,M0134,08
A308,M0135,M0135,08
A308,M0136,M0136,08
A308,M0137,M0137,08
A308,M0138,M0138,08
A308,M0139,M0139,08
A308,M630,M630,08
A309,G630,G630,01
A309,H031,H031,02
A309,H192,H192,02
A309,H220,H220,02
A309,H320,H320,02
A309,M013,M013,08
A309,M0130,M0130,08
A309,M0131,M0131,08
A309,M0132,M0132,08
A309,M0133,M0133,08
A309,M0134,M0134,08
A309,M0135,M0135,08
A309,M0136,M0136,08
A309,M0137,M0137,08
A309,M0138,M0138,08
A309,M0139,M0139,08
A309,M630,M630,08
A321,G01,G01,01
A321,G050,G050,01
A328,I398,I398,05
A328,I681,I681,01
A368,G050,G050,01
A368,G630,G630,01
A368,H131,H131,02
A368,H228,H228,02
A368,I410,I410,05
A368,I430,I430,05
A368,K678,K678,06
A368,N160,N160,11
A368,N338,N338,11
A38,I410,I410,05
A391,E351,E351,10
A398,G050,G050,01
A398,H131,H131,02
A398,H481,H481,02
A398,M010,M010,08
A398,M0100,M0100,08
A398,M0101,M0101,08
A398,M0102,M0102,08
A398,M0103,M0103,08
A398,M0104,M0104,08
A398,M0105,M0105,08
A398,M0106,M0106,08
A398,M0107,M0107,08
A398,M0108,M0108,08
A398,M0109,M0109,08
A398,M030,M030,08
A398,M0300,M0300,08
A398,M0301,M0301,08
A398,M0302,M0302,08
A398,M0303,M0303,08
A398,M0304,M0304,08
A398,M0305,M0305,08
A398,M0306,M0306,08
A398,M0307,M0307,08
A398,M0308,M0308,08
A398,M0309,M0309,08
A399,G01,G01,01
A428,G01,G01,01
A428,G050,G050,01
A488,M013,M013,08
A488,M0130,M0130,08
A488,M0131,M0131,08
A488,M0132,M0132,08
A488,M0133,M0133,08
A488,M0134,M0134,08
A488,M0135,M0135,08
A488,M0136,M0136,08
A488,M0137,M0137,08
A488,M0138,M0138,08
A488,M0139,M0139,08
A499,M013,M013,08
A499,M0130,M0130,08
A499,M0131,M0131,08
A499,M0132,M0132,08
A499,M0133,M0133,08
A499,M0134,M0134,08
A499,M0135,M0135,08
A499,M0136,M0136,08
A499,M0137,M0137,08
A499,M0138,M0138,08
A499,M0139,M0139,08
A500,D77,D77,16
A500,H060,H060,02
A500,H220,H220,02
A500,H320,H320,02
A500,H588,H588,02
A500,H948,H948,03
A500,J998,J998,04
A500,K672,K672,06
A500,K770,K770,07
A500,M901,M901,08
A500,M9010,M9010,08
A500,M9011,M9011,08
A500,M9012,M9012,08
A500,M9013,M9013,08
A500,M9014,M9014,08
A500,M9015,M9015,08
A500,M9016,M9016,08
A500,M9017,M9017,08
A500,M9018,M9018,08
A500,M9019,M9019,08
A500,M902,M902,08
A500,M9020,M9020,08
A500,M9021,M9021,08
A500,M9022,M9022,08
A500,M9023,M9023,08
A500,M9024,M9024,08
A500,M9025,M9025,08
A500,M9026,M9026,08
A500,M9027,M9027,08
A500,M9028,M9028,08
A500,M9029,M9029,08
A504,H480,H480,02
A505,E358,E358,10
A505,I520,I520,05
A505,I790,I790,05
A505,I791,I791,05
A505,I798,I798,05
A505,I980,I980,05
A505,J998,J998,04
A505,K238,K238,06
A505,K770,K770,07
A505,M031,M031,08
A505,M0310,M0310,08
A505,M0311,M0311,08
A505,M0312,M0312,08
A505,M0313,M0313,08
A505,M0314,M0314,08
A505,M0315,M0315,08
A505,M0316,M0316,08
A505,M0317,M0317,08
A505,M0318,M0318,08
A505,M0319,M0319,08
A505,M493,M493,08
A505,M4930,M4930,08
A505,M4931,M4931,08
A505,M4932,M4932,08
A505,M4933,M4933,08
A505,M4934,M4934,08
A505,M4935,M4935,08
A505,M4936,M4936,08
A505,M4937,M4937,08
A505,M4938,M4938,08
A505,M4939,M4939,08
A505,M902,M902,08
A505,M9020,M9020,08
A505,M9021,M9021,08
A505,M9022,M9022,08
A505,M9023,M9023,08
A505,M9024,M9024,08
A505,M9025,M9025,08
A505,M9026,M9026,08
A505,M9027,M9027,08
A505,M9028,M9028,08
A505,M9029,M9029,08
A505,N080,N080,11
A514,G01,G01,01
A514,H220,H220,02
A514,H320,H320,02
A514,H588,H588,02
A514,K770,K770,07
A514,M630,M630,08
A514,M901,M901,08
A514,M9010,M9010,08
A514,M9011,M9011,08
A514,M9012,M9012,08
A514,M9013,M9013,08
A514,M9014,M9014,08
A514,M9015,M9015,08
A514,M9016,M9016,08
A514,M9017,M9017,08
A514,M9018,M9018,08
A514,M9019,M9019,08
A514,M902,M902,08
A514,M9020,M9020,08
A514,M9021,M9021,08
A514,M9022,M9022,08
A514,M9023,M9023,08
A514,M9024,M9024,08
A514,M9025,M9025,08
A514,M9026,M9026,08
A514,M9027,M9027,08
A514,M9028,M9028,08
A514,M9029,M9029,08
A514,N080,N080,11
A514,N742,N742,13
A520,H368,H368,02
A520,I681,I681,01
A520,I688,I688,01
A521,H320,H320,02
A521,H368,H368,02
A521,H480,H480,02
A521,H481,H481,02
A521,H588,H588,02
A521,H940,H940,03
A521,H948,H948,03
A521,M013,M013,08
A521,M0130,M0130,08
A521,M0131,M0131,08
A521,M0132,M0132,08
A521,M0133,M0133,08
A521,M0134,M0134,08
A521,M0135,M0135,08
A521,M0136,M0136,08
A521,M0137,M0137,08
A521,M0138,M0138,08
A521,M0139,M0139,08
A521,M146,M146,08
A521,M494,M494,08
A521,M4940,M4940,08
A521,M4941,M4941,08
A521,M4942,M4942,08
A521,M4943,M4943,08
A521,M4944,M4944,08
A521,M4945,M4945,08
A521,M4946,M4946,08
A521,M4947,M4947,08
A521,M4948,M4948,08
A521,M4949,M4949,08
A521,M902,M902,08
A521,M9020,M9020,08
A521,M9021,M9021,08
A521,M9022,M9022,08
A521,M9023,M9023,08
A521,M9024,M9024,08
A521,M9025,M9025,08
A521,M9026,M9026,08
A521,M9027,M9027,08
A521,M9028,M9028,08
A521,M9029,M9029,08
A527,D638,D638,16
A527,D77,D77,16
A527,E350,E350,10
A527,E351,E351,10
A527,E358,E358,10
A527,G598,G598,01
A527,H031,H031,02
A527,H060,H060,02
A527,H063,H063,02
A527,H131,H131,02
A527,H190,H190,02
A527,H192,H192,02
A527,H198,H198,02
A527,H220,H220,02
A527,H228,H228,02
A527,H288,H288,02
A527,H320,H320,02
A527,H428,H428,02
A527,H450,H450,02
A527,H458,H458,02
A527,H581,H581,02
A527,H588,H588,02
A527,H758,H758,03
A527,H948,H948,03
A527,I988,I988,05
A527,J998,J998,04
A527,K238,K238,06
A527,K672,K672,06
A527,K770,K770,07
A527,K870,K870,07
A527,K871,K871,07
A527,K938,K938,06
A527,L998,L998,09
A527,M013,M013,08
A527,M0130,M0130,08
A527,M0131,M0131,08
A527,M0132,M0132,08
A527,M0133,M0133,08
A527,M0134,M0134,08
A527,M0135,M0135,08
A527,M0136,M0136,08
A527,M0137,M0137,08
A527,M0138,M0138,08
A527,M0139,M0139,08
A527,M031,M031,08
A527,M0310,M0310,08
A527,M0311,M0311,08
A527,M0312,M0312,08
A527,M0313,M0313,08
A527,M0314,M0314,08
A527,M0315,M0315,08
A527,M0316,M0316,08
A527,M0317,M0317,08
A527,M0318,M0318,08
A527,M0319,M0319,08
A527,M148,M148,08
A527,M493,M493,08
A527,M4930,M4930,08
A527,M4931,M4931,08
A527,M4932,M4932,08
A527,M4933,M4933,08
A527,M4934,M4934,08
A527,M4935,M4935,08
A527,M4936,M4936,08
A527,M4937,M4937,08
A527,M4938,M4938,08
A527,M4939,M4939,08
A527,M630,M630,08
A527,M638,M638,08
A527,M680,M680,08
A527,M6800,M6800,08
A527,M6801,M6801,08
A527,M6802,M6802,08
A527,M6803,M6803,08
A527,M6804,M6804,08
A527,M6805,M6805,08
A527,M6806,M6806,08
A527,M6807,M6807,08
A527,M6808,M6808,08
A527,M6809,M6809,08
A527,M731,M731,08
A527,M7310,M7310,08
A527,M7311,M7311,08
A527,M7312,M7312,08
A527,M7313,M7313,08
A527,M7314,M7314,08
A527,M7315,M7315,08
A527,M7316,M7316,08
A527,M7317,M7317,08
A527,M7318,M7318,08
A527,M7319,M7319,08
A527,M901,M901,08
A527,M9010,M9010,08
A527,M9011,M9011,08
A527,M9012,M9012,08
A527,M9013,M9013,08
A527,M9014,M9014,08
A527,M9015,M9015,08
A527,M9016,M9016,08
A527,M9017,M9017,08
A527,M9018,M9018,08
A527,M9019,M9019,08
A527,M902,M902,08
A527,M9020,M9020,08
A527,M9021,M9021,08
A527,M9022,M9022,08
A527,M9023,M9023,08
A527,M9024,M9024,08
A527,M9025,M9025,08
A527,M9026,M9026,08
A527,M9027,M9027,08
A527,M9028,M9028,08
A527,M9029,M9029,08
A527,N080,N080,11
A527,N160,N160,11
A527,N290,N290,11
A527,N291,N291,11
A527,N338,N338,11
A527,N370,N370,11
A527,N378,N378,11
A527,N510,N510,12
A527,N511,N511,12
A527,N518,N518,12
A527,N742,N742,13
A527,N771,N771,13
A542,N080,N080,11
A542,N291,N291,11
A542,N743,N743,13
A548,G01,G01,01
A548,G07,G07,01
A548,I320,I320,05
A548,I390,I390,05
A548,I391,I391,05
A548,I392,I392,05
A548,I393,I393,05
A548,I394,I394,05
A548,I398,I398,05
A548,I410,I410,05
A548,I520,I520,05
A548,J170,J170,04
A548,K671,K671,06
A548,L86,L86,10
A548,L998,L998,09
A561,N744,N744,13
A590,N338,N338,11
A590,N370,N370,11
A590,N748,N748,13
A590,N771,N771,13
A600,N748,N748,13
A600,N770,N770,13
A600,N771,N771,13
A600,N778,N778,13
A601,K938,K938,06
A64,N370,N370,11
A64,N771,N771,13
A660,H031,H031,02
A661,H031,H031,02
A662,H031,H031,02
A663,H031,H031,02
A664,H031,H031,02
A665,H031,H031,02
A665,J998,J998,04
A666,H031,H031,02
A667,H031,H031,02
A668,H031,H031,02
A669,H031,H031,02
A672,I981,I981,05
A692,G01,G01,01
A692,G630,G630,01
A692,M012,M012,08
A692,M0120,M0120,08
A692,M0121,M0121,08
A692,M0122,M0122,08
A692,M0123,M0123,08
A692,M0124,M0124,08
A692,M0125,M0125,08
A692,M0126,M0126,08
A692,M0127,M0127,08
A692,M0128,M0128,08
A692,M0129,M0129,08
A698,J178,J178,04
A698,J998,J998,04
A70,J178,J178,04
A750,I410,I410,05
A759,G948,G948,01
A759,I410,I410,05
A78,I398,I398,05
A78,J178,J178,04
B001,H621,H621,03
B008,K770,K770,07
B008,L998,L998,09
B018,H192,H192,02
B022,H940,H940,03
B028,H621,H621,03
B054,K938,K938,06
B068,J171,J171,04
B068,M014,M014,08
B068,M0140,M0140,08
B068,M0141,M0141,08
B068,M0142,M0142,08
B068,M0143,M0143,08
B068,M0144,M0144,08
B068,M0145,M0145,08
B068,M0146,M0146,08
B068,M0147,M0147,08
B068,M0148,M0148,08
B068,M0149,M0149,08
B080,H031,H031,02
B081,H031,H031,02
B199,M032,M032,08
B199,M0320,M0320,08
B199,M0321,M0321,08
B199,M0322,M0322,08
B199,M0323,M0323,08
B199,M0324,M0324,08
B199,M0325,M0325,08
B199,M0326,M0326,08
B199,M0327,M0327,08
B199,M0328,M0328,08
B199,M0329,M0329,08
B250,J171,J171,04
B258,G051,G051,01
B268,G630,G630,01
B268,I411,I411,05
B268,K770,K770,07
B268,M015,M015,08
B268,M0150,M0150,08
B268,M0151,M0151,08
B268,M0152,M0152,08
B268,M0153,M0153,08
B268,M0154,M0154,08
B268,M0155,M0155,08
B268,M0156,M0156,08
B268,M0157,M0157,08
B268,M0158,M0158,08
B268,M0159,M0159,08
B268,N080,N080,11
B268,N748,N748,13
B270,G020,G020,01
B270,G630,G630,01
B270,K770,K770,07
B271,G020,G020,01
B271,G630,G630,01
B278,G020,G020,01
B278,G630,G630,01
B279,G020,G020,01
B279,G630,G630,01
B338,K770,K770,07
B349,H621,H621,03
B349,H671,H671,03
B349,M015,M015,08
B349,M0150,M0150,08
B349,M0151,M0151,08
B349,M0152,M0152,08
B349,M0153,M0153,08
B349,M0154,M0154,08
B349,M0155,M0155,08
B349,M0156,M0156,08
B349,M0157,M0157,08
B349,M0158,M0158,08
B349,M0159,M0159,08
B369,H622,H622,03
B372,H622,H622,03
B374,N370,N370,11
B378,H622,H622,03
B378,J998,J998,04
B388,N510,N510,12
B394,J172,J172,04
B395,J172,J172,04
B399,H320,H320,02
B399,J172,J172,04
B400,J998,J998,04
B401,J998,J998,04
B402,J998,J998,04
B403,L998,L998,09
B408,G052,G052,01
B410,J998,J998,04
B420,J998,J998,04
B428,G021,G021,01
B428,M016,M016,08
B428,M0160,M0160,08
B428,M0161,M0161,08
B428,M0162,M0162,08
B428,M0163,M0163,08
B428,M0164,M0164,08
B428,M0165,M0165,08
B428,M0166,M0166,08
B428,M0167,M0167,08
B428,M0168,M0168,08
B428,M0169,M0169,08
B430,L998,L998,09
B431,G07,G07,01
B432,L998,L998,09
B440,J172,J172,04
B440,J998,J998,04
B441,J172,J172,04
B441,J998,J998,04
B442,J998,J998,04
B448,H622,H622,03
B450,J998,J998,04
B451,G021,G021,01
B451,G052,G052,01
B452,L998,L998,09
B453,M902,M902,08
B453,M9020,M9020,08
B453,M9021,M9021,08
B453,M9022,M9022,08
B453,M9023,M9023,08
B453,M9024,M9024,08
B453,M9025,M9025,08
B453,M9026,M9026,08
B453,M9027,M9027,08
B453,M9028,M9028,08
B453,M9029,M9029,08
B460,J998,J998,04
B461,G998,G998,01
B462,K938,K938,06
B463,L998,L998,09
B479,M902,M902,08
B479,M9020,M9020,08
B479,M9021,M9021,08
B479,M9022,M9022,08
B479,M9023,M9023,08
B479,M9024,M9024,08
B479,M9025,M9025,08
B479,M9026,M9026,08
B479,M9027,M9027,08
B479,M9028,M9028,08
B479,M9029,M9029,08
B483,K938,K938,06
B49,G021,G021,01
B49,H192,H192,02
B49,J998,J998,04
B49,K938,K938,06
B49,M016,M016,08
B49,M0160,M0160,08
B49,M0161,M0161,08
B49,M0162,M0162,08
B49,M0163,M0163,08
B49,M0164,M0164,08
B49,M0165,M0165,08
B49,M0166,M0166,08
B49,M0167,M0167,08
B49,M0168,M0168,08
B49,M0169,M0169,08
B49,M632,M632,08
B550,H030,H030,02
B551,H030,H030,02
B552,H030,H030,02
B559,H030,H030,02
B560,F028,F028,19
B560,F0280,F0280,19
B560,F0281,F0281,19
B560,F0282,F0282,19
B560,F0283,F0283,19
B560,F0284,F0284,19
B560,G028,G028,01
B560,G052,G052,01
B561,F028,F028,19
B561,F0280,F0280,19
B561,F0281,F0281,19
B561,F0282,F0282,19
B561,F0283,F0283,19
B561,F0284,F0284,19
B561,G028,G028,01
B561,G052,G052,01
B569,F028,F028,19
B569,F0280,F0280,19
B569,F0281,F0281,19
B569,F0282,F0282,19
B569,F0283,F0283,19
B569,F0284,F0284,19
B569,G028,G028,01
B569,G052,G052,01
B573,K931,K931,06
B573,K938,K938,06
B574,F028,F028,19
B574,F0280,F0280,19
B574,F0281,F0281,19
B574,F0282,F0282,19
B574,F0283,F0283,19
B574,F0284,F0284,19
B588,I412,I412,05
B588,M631,M631,08
B588,N160,N160,11
B601,H131,H131,02
B601,H192,H192,02
B602,G052,G052,01
B650,D77,D77,16
B650,G07,G07,01
B650,I521,I521,05
B650,I982,I982,06
B650,J173,J173,04
B650,J998,J998,04
B650,K770,K770,07
B650,M631,M631,08
B651,D77,D77,16
B651,G07,G07,01
B651,I521,I521,05
B651,I982,I982,06
B651,J173,J173,04
B651,J998,J998,04
B651,M631,M631,08
B651,N080,N080,11
B651,N220,N220,11
B651,N291,N291,11
B651,N338,N338,11
B652,D77,D77,16
B652,G07,G07,01
B652,I521,I521,05
B652,I982,I982,06
B652,J173,J173,04
B652,J998,J998,04
B652,K770,K770,07
B652,M631,M631,08
B652,N080,N080,11
B652,N220,N220,11
B652,N291,N291,11
B652,N338,N338,11
B658,D77,D77,16
B658,G07,G07,01
B658,I521,I521,05
B658,I982,I982,06
B658,J173,J173,04
B658,J998,J998,04
B658,K770,K770,07
B658,M631,M631,08
B658,N080,N080,11
B658,N220,N220,11
B658,N291,N291,11
B658,N338,N338,11
B659,D77,D77,16
B659,G07,G07,01
B659,I521,I521,05
B659,I982,I982,06
B659,J173,J173,04
B659,J998,J998,04
B659,K770,K770,07
B659,M631,M631,08
B659,N080,N080,11
B659,N220,N220,11
B659,N291,N291,11
B659,N338,N338,11
B672,M902,M902,08
B672,M9020,M9020,08
B672,M9021,M9021,08
B672,M9022,M9022,08
B672,M9023,M9023,08
B672,M9024,M9024,08
B672,M9025,M9025,08
B672,M9026,M9026,08
B672,M9027,M9027,08
B672,M9028,M9028,08
B672,M9029,M9029,08
B673,E350,E350,10
B673,H061,H061,02
B674,H061,H061,02
B676,H061,H061,02
B677,H061,H061,02
B679,D77,D77,16
B679,G948,G948,01
B679,H061,H061,02
B679,J998,J998,04
B698,M631,M631,08
B700,D638,D638,16
B719,G052,G052,01
B719,G948,G948,01
B72,M018,M018,08
B72,M0180,M0180,08
B72,M0181,M0181,08
B72,M0182,M0182,08
B72,M0183,M0183,08
B72,M0184,M0184,08
B72,M0185,M0185,08
B72,M0186,M0186,08
B72,M0187,M0187,08
B72,M0188,M0188,08
B72,M0189,M0189,08
B73,H030,H030,02
B73,H428,H428,02
B73,H451,H451,02
B740,H130,H130,02
B740,N518,N518,12
B741,H130,H130,02
B741,N518,N518,12
B742,H130,H130,02
B742,N518,N518,12
B743,H030,H030,02
B743,H130,H130,02
B743,N518,N518,12
B744,H130,H130,02
B744,N518,N518,12
B748,H130,H130,02
B748,N518,N518,12
B749,H130,H130,02
B749,J91,J91,04
B749,M018,M018,08
B749,M0180,M0180,08
B749,M0181,M0181,08
B749,M0182,M0182,08
B749,M0183,M0183,08
B749,M0184,M0184,08
B749,M0185,M0185,08
B749,M0186,M0186,08
B749,M0187,M0187,08
B749,M0188,M0188,08
B749,M0189,M0189,08
B749,N518,N518,12
B75,G052,G052,01
B75,M631,M631,08
B769,D638,D638,16
B778,J173,J173,04
B789,N080,N080,11
B80,N771,N771,13
B830,H451,H451,02
B832,G052,G052,01
B839,K678,K678,06
B839,M018,M018,08
B839,M0180,M0180,08
B839,M0181,M0181,08
B839,M0182,M0182,08
B839,M0183,M0183,08
B839,M0184,M0184,08
B839,M0185,M0185,08
B839,M0186,M0186,08
B839,M0187,M0187,08
B839,M0188,M0188,08
B839,M0189,M0189,08
B853,H030,H030,02
B872,H061,H061,02
B872,H588,H588,02
B873,J998,J998,04
B874,H948,H948,03
B878,K938,K938,06
B880,H030,H030,02
B89,G028,G028,01
B89,G052,G052,01
B89,G531,G531,01
B89,G630,G630,01
B89,G734,G734,01
B89,G940,G940,01
B89,H030,H030,02
B89,H061,H061,02
B89,H131,H131,02
B89,H192,H192,02
B89,H220,H220,02
B89,H623,H623,03
B89,H750,H750,03
B89,H940,H940,03
B89,M018,M018,08
B89,M0180,M0180,08
B89,M0181,M0181,08
B89,M0182,M0182,08
B89,M0183,M0183,08
B89,M0184,M0184,08
B89,M0185,M0185,08
B89,M0186,M0186,08
B89,M0187,M0187,08
B89,M0188,M0188,08
B89,M0189,M0189,08
B908,E351,E351,10
B908,N291,N291,11
B99,G052,G052,01
B99,G531,G531,01
B99,G630,G630,01
B99,G734,G734,01
B99,G940,G940,01
B99,H131,H131,02
B99,H192,H192,02
B99,H220,H220,02
B99,H623,H623,03
B99,H750,H750,03
B99,H940,H940,03
B99,J178,J178,04
B99,M018,M018,08
B99,M0180,M0180,08
B99,M0181,M0181,08
B99,M0182,M0182,08
B99,M0183,M0183,08
B99,M0184,M0184,08
B99,M0185,M0185,08
B99,M0186,M0186,08
B99,M0187,M0187,08
B99,M0188,M0188,08
B99,M0189,M0189,08
B99,M032,M032,08
B99,M0320,M0320,08
B99,M0321,M0321,08
B99,M0322,M0322,08
B99,M0323,M0323,08
B99,M0324,M0324,08
B99,M0325,M0325,08
B99,M0326,M0326,08
B99,M0327,M0327,08
B99,M0328,M0328,08
B99,M0329,M0329,08
D510,G320,G320,01
D510,G634,G634,01
D513,G320,G320,01
D513,G634,G634,01
D519,G320,G320,01
D569,M363,M363,08
D570,H368,H368,02
D570,M140,M140,08
D570,N082,N082,11
D571,H368,H368,02
D571,M140,M140,08
D571,N082,N082,11
D572,H368,H368,02
D572,M140,M140,08
D572,N082,N082,11
D573,H368,H368,02
D573,M140,M140,08
D573,N082,N082,11
D578,H368,H368,02
D578,M140,M140,08
D578,N082,N082,11
D582,M363,M363,08
D582,M904,M904,08
D582,M9040,M9040,08
D582,M9041,M9041,08
D582,M9042,M9042,08
D582,M9043,M9043,08
D582,M9044,M9044,08
D582,M9045,M9045,08
D582,M9046,M9046,08
D582,M9047,M9047,08
D582,M9048,M9048,08
D582,M9049,M9049,08
D66,M362,M362,08
D690,M364,M364,08
D690,N082,N082,11
D759,M363,M363,08
D800,M368,M368,08
D801,M148,M148,08
D801,M368,M368,08
D802,M368,M368,08
D803,M368,M368,08
D804,M368,M368,08
D805,M368,M368,08
D806,M368,M368,08
D807,M368,M368,08
D808,M368,M368,08
D809,M368,M368,08
D868,G532,G532,01
D868,G638,G638,01
D868,G737,G737,01
D868,H221,H221,02
D868,I418,I418,05
D868,I438,I438,05
D868,K778,K778,07
D868,M148,M148,08
D868,M633,M633,08
D868,N162,N162,11
D869,N162,N162,11
D891,J998,J998,04
D891,N082,N082,11
D891,N162,N162,11
E009,G735,G735,01
E010,F028,F028,19
E010,F0280,F0280,19
E010,F0281,F0281,19
E010,F0282,F0282,19
E010,F0283,F0283,19
E010,F0284,F0284,19
E011,F028,F028,19
E011,F0280,F0280,19
E011,F0281,F0281,19
E011,F0282,F0282,19
E011,F0283,F0283,19
E011,F0284,F0284,19
E012,F028,F028,19
E012,F0280,F0280,19
E012,F0281,F0281,19
E012,F0282,F0282,19
E012,F0283,F0283,19
E012,F0284,F0284,19
E018,F028,F028,19
E018,F0280,F0280,19
E018,F0281,F0281,19
E018,F0282,F0282,19
E018,F0283,F0283,19
E018,F0284,F0284,19
E030,F028,F028,19
E030,F0280,F0280,19
E030,F0281,F0281,19
E030,F0282,F0282,19
E030,F0283,F0283,19
E030,F0284,F0284,19
E030,G132,G132,01
E031,F028,F028,19
E031,F0280,F0280,19
E031,F0281,F0281,19
E031,F0282,F0282,19
E031,F0283,F0283,19
E031,F0284,F0284,19
E031,G132,G132,01
E032,F028,F028,19
E032,F0280,F0280,19
E032,F0281,F0281,19
E032,F0282,F0282,19
E032,F0283,F0283,19
E032,F0284,F0284,19
E032,G132,G132,01
E033,F028,F028,19
E033,F0280,F0280,19
E033,F0281,F0281,19
E033,F0282,F0282,19
E033,F0283,F0283,19
E033,F0284,F0284,19
E033,G132,G132,01
E034,F028,F028,19
E034,F0280,F0280,19
E034,F0281,F0281,19
E034,F0282,F0282,19
E034,F0283,F0283,19
E034,F0284,F0284,19
E034,G132,G132,01
E035,F028,F028,19
E035,F0280,F0280,19
E035,F0281,F0281,19
E035,F0282,F0282,19
E035,F0283,F0283,19
E035,F0284,F0284,19
E035,G132,G132,01
E038,F028,F028,19
E038,F0280,F0280,19
E038,F0281,F0281,19
E038,F0282,F0282,19
E038,F0283,F0283,19
E038,F0284,F0284,19
E038,G132,G132,01
E039,D638,D638,16
E039,F028,F028,19
E039,F0280,F0280,19
E039,F0281,F0281,19
E039,F0282,F0282,19
E039,F0283,F0283,19
E039,F0284,F0284,19
E039,G132,G132,01
E039,G328,G328,01
E039,G735,G735,01
E039,H281,H281,02
E039,M145,M145,08
E050,G730,G730,01
E050,G735,G735,01
E050,H062,H062,02
E050,M145,M145,08
E051,G730,G730,01
E051,G735,G735,01
E051,H062,H062,02
E051,M145,M145,08
E052,G730,G730,01
E052,G735,G735,01
E052,H062,H062,02
E052,M145,M145,08
E053,G730,G730,01
E053,G735,G735,01
E053,H062,H062,02
E053,M145,M145,08
E054,G730,G730,01
E054,G735,G735,01
E054,H062,H062,02
E054,M145,M145,08
E055,G730,G730,01
E055,G735,G735,01
E055,H062,H062,02
E055,M145,M145,08
E058,G730,G730,01
E058,G735,G735,01
E058,H062,H062,02
E058,M145,M145,08
E059,G730,G730,01
E059,G735,G735,01
E059,G990,G990,01
E059,H038,H038,02
E059,H062,H062,02
E059,I438,I438,05
E059,M145,M145,08
E105,I792,I792,05
E106,M142,M142,08
E106,M146,M146,08
E115,I792,I792,05
E116,M142,M142,08
E116,M146,M146,08
E125,I792,I792,05
E126,M142,M142,08
E126,M146,M146,08
E135,I792,I792,05
E136,M142,M142,08
E136,M146,M146,08
E146,L998,L998,09
E146,M142,M142,08
E146,M146,M146,08
E146,M908,M908,08
E146,M9080,M9080,08
E146,M9081,M9081,08
E146,M9082,M9082,08
E146,M9083,M9083,08
E146,M9084,M9084,08
E146,M9085,M9085,08
E146,M9086,M9086,08
E146,M9087,M9087,08
E146,M9088,M9088,08
E146,M9089,M9089,08
E161,G948,G948,01
E162,G633,G633,01
E200,G735,G735,01
E200,H281,H281,02
E201,G735,G735,01
E201,H281,H281,02
E208,G735,G735,01
E208,H281,H281,02
E209,G735,G735,01
E209,H281,H281,02
E210,M498,M498,08
E210,M4980,M4980,08
E210,M4981,M4981,08
E210,M4982,M4982,08
E210,M4983,M4983,08
E210,M4984,M4984,08
E210,M4985,M4985,08
E210,M4986,M4986,08
E210,M4987,M4987,08
E210,M4988,M4988,08
E210,M4989,M4989,08
E213,G735,G735,01
E213,M141,M141,08
E220,M145,M145,08
E230,G735,G735,01
E249,G735,G735,01
E271,G735,G735,01
E349,G633,G633,01
E349,G730,G730,01
E349,G735,G735,01
E349,G990,G990,01
E349,H281,H281,02
E349,H420,H420,02
E349,M145,M145,08
E349,M821,M821,08
E349,M8210,M8210,08
E349,M8211,M8211,08
E349,M8212,M8212,08
E349,M8213,M8213,08
E349,M8214,M8214,08
E349,M8215,M8215,08
E349,M8216,M8216,08
E349,M8217,M8217,08
E349,M8218,M8218,08
E349,M8219,M8219,08
E46,H281,H281,02
E511,G328,G328,01
E511,G634,G634,01
E511,I432,I432,05
E511,I988,I988,05
E52,F028,F028,19
E52,F0280,F0280,19
E52,F0281,F0281,19
E52,F0282,F0282,19
E52,F0283,F0283,19
E52,F0284,F0284,19
E52,G328,G328,01
E52,G634,G634,01
E52,K938,K938,06
E530,K938,K938,06
E538,F028,F028,19
E538,F0280,F0280,19
E538,F0281,F0281,19
E538,F0282,F0282,19
E538,F0283,F0283,19
E538,F0284,F0284,19
E538,G320,G320,01
E538,G328,G328,01
E538,G634,G634,01
E539,G328,G328,01
E539,G634,G634,01
E539,K938,K938,06
E54,D77,D77,16
E54,K938,K938,06
E54,M145,M145,08
E54,M908,M908,08
E54,M9080,M9080,08
E54,M9081,M9081,08
E54,M9082,M9082,08
E54,M9083,M9083,08
E54,M9084,M9084,08
E54,M9085,M9085,08
E54,M9086,M9086,08
E54,M9087,M9087,08
E54,M9088,M9088,08
E54,M9089,M9089,08
E569,G328,G328,01
E569,G634,G634,01
E569,G998,G998,01
E639,G634,G634,01
E639,H281,H281,02
E639,I432,I432,05
E639,K938,K938,06
E639,M145,M145,08
E702,H038,H038,02
E702,M145,M145,08
E702,M368,M368,08
E720,H420,H420,02
E720,N163,N163,11
E720,N298,N298,11
E740,G736,G736,01
E740,I431,I431,05
E740,K778,K778,07
E740,N163,N163,11
E750,F028,F028,19
E750,F0280,F0280,19
E750,F0281,F0281,19
E750,F0282,F0282,19
E750,F0283,F0283,19
E750,F0284,F0284,19
E750,H368,H368,02
E751,F028,F028,19
E751,F0280,F0280,19
E751,F0281,F0281,19
E751,F0282,F0282,19
E751,F0283,F0283,19
E751,F0284,F0284,19
E751,H368,H368,02
E752,F028,F028,19
E752,F0280,F0280,19
E752,F0281,F0281,19
E752,F0282,F0282,19
E752,F0283,F0283,19
E752,F0284,F0284,19
E752,G328,G328,01
E752,G736,G736,01
E752,H368,H368,02
E752,N084,N084,11
E753,F028,F028,19
E753,F0280,F0280,19
E753,F0281,F0281,19
E753,F0282,F0282,19
E753,F0283,F0283,19
E753,F0284,F0284,19
E753,G328,G328,01
E753,G736,G736,01
E753,H368,H368,02
E754,F028,F028,19
E754,F0280,F0280,19
E754,F0281,F0281,19
E754,F0282,F0282,19
E754,F0283,F0283,19
E754,F0284,F0284,19
E754,H368,H368,02
E755,F028,F028,19
E755,F0280,F0280,19
E755,F0281,F0281,19
E755,F0282,F0282,19
E755,F0283,F0283,19
E755,F0284,F0284,19
E755,G736,G736,01
E755,H368,H368,02
E756,F028,F028,19
E756,F0280,F0280,19
E756,F0281,F0281,19
E756,F0282,F0282,19
E756,F0283,F0283,19
E756,F0284,F0284,19
E756,G328,G328,01
E756,G736,G736,01
E756,H368,H368,02
E761,G328,G328,01
E762,M498,M498,08
E762,M4980,M4980,08
E762,M4981,M4981,08
E762,M4982,M4982,08
E762,M4983,M4983,08
E762,M4984,M4984,08
E762,M4985,M4985,08
E762,M4986,M4986,08
E762,M4987,M4987,08
E762,M4988,M4988,08
E762,M4989,M4989,08
E763,G328,G328,01
E763,I528,I528,05
E783,K778,K778,07
E786,N084,N084,11
E788,M143,M143,08
E791,M140,M140,08
E798,N228,N228,11
E802,G633,G633,01
E830,F028,F028,19
E830,F0280,F0280,19
E830,F0281,F0281,19
E830,F0282,F0282,19
E830,F0283,F0283,19
E830,F0284,F0284,19
E830,G998,G998,01
E830,N163,N163,11
E831,J998,J998,04
E831,M145,M145,08
E833,M908,M908,08
E833,M9080,M9080,08
E833,M9081,M9081,08
E833,M9082,M9082,08
E833,M9083,M9083,08
E833,M9084,M9084,08
E833,M9085,M9085,08
E833,M9086,M9086,08
E833,M9087,M9087,08
E833,M9088,M9088,08
E833,M9089,M9089,08
E835,F028,F028,19
E835,F0280,F0280,19
E835,F0281,F0281,19
E835,F0282,F0282,19
E835,F0283,F0283,19
E835,F0284,F0284,19
E835,N298,N298,11
E841,P75,P75,15
E850,H420,H420,02
E850,I431,I431,05
E850,I680,I680,01
E850,L990,L990,09
E850,N084,N084,11
E851,G633,G633,01
E851,G990,G990,01
E852,G990,G990,01
E852,H420,H420,02
E852,I431,I431,05
E852,I680,I680,01
E852,L990,L990,09
E852,N084,N084,11
E853,G990,G990,01
E853,H420,H420,02
E853,I431,I431,05
E853,I680,I680,01
E853,L990,L990,09
E853,N084,N084,11
E854,D77,D77,16
E854,G328,G328,01
E854,G633,G633,01
E854,G736,G736,01
E854,G990,G990,01
E854,G998,G998,01
E854,H420,H420,02
E854,I431,I431,05
E854,I680,I680,01
E854,J998,J998,04
E854,K778,K778,07
E854,K938,K938,06
E854,L990,L990,09
E854,N084,N084,11
E854,N298,N298,11
E858,G990,G990,01
E858,H420,H420,02
E858,I431,I431,05
E858,I680,I680,01
E858,I798,I798,05
E858,L990,L990,09
E858,N084,N084,11
E859,G990,G990,01
E859,H420,H420,02
E859,I431,I431,05
E859,I680,I680,01
E859,L990,L990,09
E859,N084,N084,11
E889,G633,G633,01
E889,G736,G736,01
E889,G990,G990,01
E889,H281,H281,02
E889,H420,H420,02
E889,I431,I431,05
E889,L998,L998,09
E889,M141,M141,08
E889,M145,M145,08
G35,H481,H481,02
G600,M494,M494,08
G600,M4940,M4940,08
G600,M4941,M4941,08
G600,M4942,M4942,08
G600,M4943,M4943,08
G600,M4944,M4944,08
G600,M4945,M4945,08
G600,M4946,M4946,08
G600,M4947,M4947,08
G600,M4948,M4948,08
G600,M4949,M4949,08
G711,H282,H282,02
G950,M494,M494,08
G950,M4940,M4940,08
G950,M4941,M4941,08
G950,M4942,M4942,08
G950,M4943,M4943,08
G950,M4944,M4944,08
G950,M4945,M4945,08
G950,M4946,M4946,08
G950,M4947,M4947,08
G950,M4948,M4948,08
G950,M4949,M4949,08
G98,M146,M146,08
H664,G058,G058,01
I708,H368,H368,02
J108,G051,G051,01
J108,G948,G948,01
J108,H671,H671,03
J108,I411,I411,05
J118,G051,G051,01
J118,G948,G948,01
J118,H671,H671,03
J118,I411,I411,05
J632,K778,K778,07
J989,M148,M148,08
K500,M074,M074,08
K500,M0740,M0740,08
K500,M0741,M0741,08
K500,M0742,M0742,08
K500,M0743,M0743,08
K500,M0744,M0744,08
K500,M0745,M0745,08
K500,M0746,M0746,08
K500,M0747,M0747,08
K500,M0748,M0748,08
K500,M0749,M0749,08
K500,M091,M091,08
K500,M0910,M0910,08
K500,M0911,M0911,08
K500,M0912,M0912,08
K500,M0913,M0913,08
K500,M0914,M0914,08
K500,M0915,M0915,08
K500,M0916,M0916,08
K500,M0917,M0917,08
K500,M0918,M0918,08
K500,M0919,M0919,08
K501,M074,M074,08
K501,M0740,M0740,08
K501,M0741,M0741,08
K501,M0742,M0742,08
K501,M0743,M0743,08
K501,M0744,M0744,08
K501,M0745,M0745,08
K501,M0746,M0746,08
K501,M0747,M0747,08
K501,M0748,M0748,08
K501,M0749,M0749,08
K501,M091,M091,08
K501,M0910,M0910,08
K501,M0911,M0911,08
K501,M0912,M0912,08
K501,M0913,M0913,08
K501,M0914,M0914,08
K501,M0915,M0915,08
K501,M0916,M0916,08
K501,M0917,M0917,08
K501,M0918,M0918,08
K501,M0919,M0919,08
K508,M074,M074,08
K508,M0740,M0740,08
K508,M0741,M0741,08
K508,M0742,M0742,08
K508,M0743,M0743,08
K508,M0744,M0744,08
K508,M0745,M0745,08
K508,M0746,M0746,08
K508,M0747,M0747,08
K508,M0748,M0748,08
K508,M0749,M0749,08
K508,M091,M091,08
K508,M0910,M0910,08
K508,M0911,M0911,08
K508,M0912,M0912,08
K508,M0913,M0913,08
K508,M0914,M0914,08
K508,M0915,M0915,08
K508,M0916,M0916,08
K508,M0917,M0917,08
K508,M0918,M0918,08
K508,M0919,M0919,08
K509,M074,M074,08
K509,M0740,M0740,08
K509,M0741,M0741,08
K509,M0742,M0742,08
K509,M0743,M0743,08
K509,M0744,M0744,08
K509,M0745,M0745,08
K509,M0746,M0746,08
K509,M0747,M0747,08
K509,M0748,M0748,08
K509,M0749,M0749,08
K509,M091,M091,08
K509,M0910,M0910,08
K509,M0911,M0911,08
K509,M0912,M0912,08
K509,M0913,M0913,08
K509,M0914,M0914,08
K509,M0915,M0915,08
K509,M0916,M0916,08
K509,M0917,M0917,08
K509,M0918,M0918,08
K509,M0919,M0919,08
K510,M075,M075,08
K510,M0750,M0750,08
K510,M0751,M0751,08
K510,M0752,M0752,08
K510,M0753,M0753,08
K510,M0754,M0754,08
K510,M0755,M0755,08
K510,M0756,M0756,08
K510,M0757,M0757,08
K510,M0758,M0758,08
K510,M0759,M0759,08
K510,M092,M092,08
K510,M0920,M0920,08
K510,M0921,M0921,08
K510,M0922,M0922,08
K510,M0923,M0923,08
K510,M0924,M0924,08
K510,M0925,M0925,08
K510,M0926,M0926,08
K510,M0927,M0927,08
K510,M0928,M0928,08
K510,M0929,M0929,08
K512,M075,M075,08
K512,M0750,M0750,08
K512,M0751,M0751,08
K512,M0752,M0752,08
K512,M0753,M0753,08
K512,M0754,M0754,08
K512,M0755,M0755,08
K512,M0756,M0756,08
K512,M0757,M0757,08
K512,M0758,M0758,08
K512,M0759,M0759,08
K512,M092,M092,08
K512,M0920,M0920,08
K512,M0921,M0921,08
K512,M0922,M0922,08
K512,M0923,M0923,08
K512,M0924,M0924,08
K512,M0925,M0925,08
K512,M0926,M0926,08
K512,M0927,M0927,08
K512,M0928,M0928,08
K512,M0929,M0929,08
K513,M075,M075,08
K513,M0750,M0750,08
K513,M0751,M0751,08
K513,M0752,M0752,08
K513,M0753,M0753,08
K513,M0754,M0754,08
K513,M0755,M0755,08
K513,M0756,M0756,08
K513,M0757,M0757,08
K513,M0758,M0758,08
K513,M0759,M0759,08
K513,M092,M092,08
K513,M0920,M0920,08
K513,M0921,M0921,08
K513,M0922,M0922,08
K513,M0923,M0923,08
K513,M0924,M0924,08
K513,M0925,M0925,08
K513,M0926,M0926,08
K513,M0927,M0927,08
K513,M0928,M0928,08
K513,M0929,M0929,08
K514,M075,M075,08
K514,M0750,M0750,08
K514,M0751,M0751,08
K514,M0752,M0752,08
K514,M0753,M0753,08
K514,M0754,M0754,08
K514,M0755,M0755,08
K514,M0756,M0756,08
K514,M0757,M0757,08
K514,M0758,M0758,08
K514,M0759,M0759,08
K514,M092,M092,08
K514,M0920,M0920,08
K514,M0921,M0921,08
K514,M0922,M0922,08
K514,M0923,M0923,08
K514,M0924,M0924,08
K514,M0925,M0925,08
K514,M0926,M0926,08
K514,M0927,M0927,08
K514,M0928,M0928,08
K514,M0929,M0929,08
K515,M075,M075,08
K515,M0750,M0750,08
K515,M0751,M0751,08
K515,M0752,M0752,08
K515,M0753,M0753,08
K515,M0754,M0754,08
K515,M0755,M0755,08
K515,M0756,M0756,08
K515,M0757,M0757,08
K515,M0758,M0758,08
K515,M0759,M0759,08
K515,M092,M092,08
K515,M0920,M0920,08
K515,M0921,M0921,08
K515,M0922,M0922,08
K515,M0923,M0923,08
K515,M0924,M0924,08
K515,M0925,M0925,08
K515,M0926,M0926,08
K515,M0927,M0927,08
K515,M0928,M0928,08
K515,M0929,M0929,08
K518,M075,M075,08
K518,M0750,M0750,08
K518,M0751,M0751,08
K518,M0752,M0752,08
K518,M0753,M0753,08
K518,M0754,M0754,08
K518,M0755,M0755,08
K518,M0756,M0756,08
K518,M0757,M0757,08
K518,M0758,M0758,08
K518,M0759,M0759,08
K518,M092,M092,08
K518,M0920,M0920,08
K518,M0921,M0921,08
K518,M0922,M0922,08
K518,M0923,M0923,08
K518,M0924,M0924,08
K518,M0925,M0925,08
K518,M0926,M0926,08
K518,M0927,M0927,08
K518,M0928,M0928,08
K518,M0929,M0929,08
K519,M075,M075,08
K519,M0750,M0750,08
K519,M0751,M0751,08
K519,M0752,M0752,08
K519,M0753,M0753,08
K519,M0754,M0754,08
K519,M0755,M0755,08
K519,M0756,M0756,08
K519,M0757,M0757,08
K519,M0758,M0758,08
K519,M0759,M0759,08
K519,M092,M092,08
K519,M0920,M0920,08
K519,M0921,M0921,08
K519,M0922,M0922,08
K519,M0923,M0923,08
K519,M0924,M0924,08
K519,M0925,M0925,08
K519,M0926,M0926,08
K519,M0927,M0927,08
K519,M0928,M0928,08
K519,M0929,M0929,08
K529,M076,M076,08
K529,M0760,M0760,08
K529,M0761,M0761,08
K529,M0762,M0762,08
K529,M0763,M0763,08
K529,M0764,M0764,08
K529,M0765,M0765,08
K529,M0766,M0766,08
K529,M0767,M0767,08
K529,M0768,M0768,08
K529,M0769,M0769,08
K639,M036,M036,08
K639,M0360,M0360,08
K639,M0361,M0361,08
K639,M0362,M0362,08
K639,M0363,M0363,08
K639,M0364,M0364,08
K639,M0365,M0365,08
K639,M0366,M0366,08
K639,M0367,M0367,08
K639,M0368,M0368,08
K639,M0369,M0369,08
K700,I982,I982,06
K700,I983,I983,06
K701,I982,I982,06
K701,I983,I983,06
K702,I982,I982,06
K702,I983,I983,06
K703,I982,I982,06
K703,I983,I983,06
K704,I982,I982,06
K704,I983,I983,06
K709,I982,I982,06
K709,I983,I983,06
K710,I982,I982,06
K710,I983,I983,06
K711,I982,I982,06
K711,I983,I983,06
K712,I982,I982,06
K712,I983,I983,06
K713,I982,I982,06
K713,I983,I983,06
K714,I982,I982,06
K714,I983,I983,06
K715,I982,I982,06
K715,I983,I983,06
K716,I982,I982,06
K716,I983,I983,06
K717,I982,I982,06
K717,I983,I983,06
K718,I982,I982,06
K718,I983,I983,06
K719,I982,I982,06
K719,I983,I983,06
K740,I982,I982,06
K740,I983,I983,06
K741,I982,I982,06
K741,I983,I983,06
K742,I982,I982,06
K742,I983,I983,06
K743,I982,I982,06
K743,I983,I983,06
K744,I982,I982,06
K744,I983,I983,06
K745,I982,I982,06
K745,I983,I983,06
K746,I982,I982,06
K746,I983,I983,06
K908,M148,M148,08
L010,H038,H038,02
L010,H624,H624,03
L011,H624,H624,03
L120,H133,H133,02
L121,H133,H133,02
L122,H133,H133,02
L123,H133,H133,02
L128,H133,H133,02
L129,H133,H133,02
L510,M148,M148,08
L511,H138,H138,02
L511,H228,H228,02
L511,M148,M148,08
L512,M148,M148,08
L518,M148,M148,08
L519,M148,M148,08
L52,M148,M148,08
L710,H132,H132,02
L711,H132,H132,02
L718,H132,H132,02
L718,H193,H193,02
L719,H132,H132,02
M023,L86,L86,10
M0230,L86,L86,10
M0231,L86,L86,10
M0232,L86,L86,10
M0233,L86,L86,10
M0234,L86,L86,10
M0235,L86,L86,10
M0236,L86,L86,10
M0237,L86,L86,10
M0238,L86,L86,10
M0239,L86,L86,10
M051,J990,J990,04
M053,G636,G636,01
M053,G737,G737,01
M053,I328,I328,05
M053,I390,I390,05
M053,I391,I391,05
M053,I392,I392,05
M053,I393,I393,05
M053,I394,I394,05
M053,I398,I398,05
M053,I418,I418,05
M053,I528,I528,05
M0530,G636,G636,01
M0530,G737,G737,01
M0530,I328,I328,05
M0530,I390,I390,05
M0530,I391,I391,05
M0530,I392,I392,05
M0530,I393,I393,05
M0530,I394,I394,05
M0530,I398,I398,05
M0530,I418,I418,05
M0530,I528,I528,05
M0531,G636,G636,01
M0531,G737,G737,01
M0531,I328,I328,05
M0531,I390,I390,05
M0531,I391,I391,05
M0531,I392,I392,05
M0531,I393,I393,05
M0531,I394,I394,05
M0531,I398,I398,05
M0531,I418,I418,05
M0531,I528,I528,05
M0532,G636,G636,01
M0532,G737,G737,01
M0532,I328,I328,05
M0532,I390,I390,05
M0532,I391,I391,05
M0532,I392,I392,05
M0532,I393,I393,05
M0532,I394,I394,05
M0532,I398,I398,05
M0532,I418,I418,05
M0532,I528,I528,05
M0533,G636,G636,01
M0533,G737,G737,01
M0533,I328,I328,05
M0533,I390,I390,05
M0533,I391,I391,05
M0533,I392,I392,05
M0533,I393,I393,05
M0533,I394,I394,05
M0533,I398,I398,05
M0533,I418,I418,05
M0533,I528,I528,05
M0534,G636,G636,01
M0534,G737,G737,01
M0534,I328,I328,05
M0534,I390,I390,05
M0534,I391,I391,05
M0534,I392,I392,05
M0534,I393,I393,05
M0534,I394,I394,05
M0534,I398,I398,05
M0534,I418,I418,05
M0534,I528,I528,05
M0535,G636,G636,01
M0535,G737,G737,01
M0535,I328,I328,05
M0535,I390,I390,05
M0535,I391,I391,05
M0535,I392,I392,05
M0535,I393,I393,05
M0535,I394,I394,05
M0535,I398,I398,05
M0535,I418,I418,05
M0535,I528,I528,05
M0536,G636,G636,01
M0536,G737,G737,01
M0536,I328,I328,05
M0536,I390,I390,05
M0536,I391,I391,05
M0536,I392,I392,05
M0536,I393,I393,05
M0536,I394,I394,05
M0536,I398,I398,05
M0536,I418,I418,05
M0536,I528,I528,05
M0537,G636,G636,01
M0537,G737,G737,01
M0537,I328,I328,05
M0537,I390,I390,05
M0537,I391,I391,05
M0537,I392,I392,05
M0537,I393,I393,05
M0537,I394,I394,05
M0537,I398,I398,05
M0537,I418,I418,05
M0537,I528,I528,05
M0538,G636,G636,01
M0538,G737,G737,01
M0538,I328,I328,05
M0538,I390,I390,05
M0538,I391,I391,05
M0538,I392,I392,05
M0538,I393,I393,05
M0538,I394,I394,05
M0538,I398,I398,05
M0538,I418,I418,05
M0538,I528,I528,05
M0539,G636,G636,01
M0539,G737,G737,01
M0539,I328,I328,05
M0539,I390,I390,05
M0539,I391,I391,05
M0539,I392,I392,05
M0539,I393,I393,05
M0539,I394,I394,05
M0539,I398,I398,05
M0539,I418,I418,05
M0539,I528,I528,05
M100,G636,G636,01
M100,G991,G991,01
M100,I438,I438,05
M100,N228,N228,11
M1000,G636,G636,01
M1000,G991,G991,01
M1000,I438,I438,05
M1000,N228,N228,11
M1001,G636,G636,01
M1001,G991,G991,01
M1001,I438,I438,05
M1001,N228,N228,11
M1002,G636,G636,01
M1002,G991,G991,01
M1002,I438,I438,05
M1002,N228,N228,11
M1003,G636,G636,01
M1003,G991,G991,01
M1003,I438,I438,05
M1003,N228,N228,11
M1004,G636,G636,01
M1004,G991,G991,01
M1004,I438,I438,05
M1004,N228,N228,11
M1005,G636,G636,01
M1005,G991,G991,01
M1005,I438,I438,05
M1005,N228,N228,11
M1006,G636,G636,01
M1006,G991,G991,01
M1006,I438,I438,05
M1006,N228,N228,11
M1007,G636,G636,01
M1007,G991,G991,01
M1007,I438,I438,05
M1007,N228,N228,11
M1008,G636,G636,01
M1008,G991,G991,01
M1008,I438,I438,05
M1008,N228,N228,11
M1009,G636,G636,01
M1009,G991,G991,01
M1009,I438,I438,05
M1009,N228,N228,11
M109,H221,H221,02
M109,H628,H628,03
M1090,H221,H221,02
M1090,H628,H628,03
M1091,H221,H221,02
M1091,H628,H628,03
M1092,H221,H221,02
M1092,H628,H628,03
M1093,H221,H221,02
M1093,H628,H628,03
M1094,H221,H221,02
M1094,H628,H628,03
M1095,H221,H221,02
M1095,H628,H628,03
M1096,H221,H221,02
M1096,H628,H628,03
M1097,H221,H221,02
M1097,H628,H628,03
M1098,H221,H221,02
M1098,H628,H628,03
M1099,H221,H221,02
M1099,H628,H628,03
M313,J991,J991,04
M321,I682,I682,01
M321,J991,J991,04
M330,J991,J991,04
M331,J991,J991,04
M332,J991,J991,04
M348,J991,J991,04
M350,J991,J991,04
M359,G635,G635,01
M359,J991,J991,04
M471,G992,G992,01
M4710,G992,G992,01
M4711,G992,G992,01
M4712,G992,G992,01
M4713,G992,G992,01
M4714,G992,G992,01
M4715,G992,G992,01
M4716,G992,G992,01
M4717,G992,G992,01
M4718,G992,G992,01
M4719,G992,G992,01
M478,G992,G992,01
M4780,G992,G992,01
M4781,G992,G992,01
M4782,G992,G992,01
M4783,G992,G992,01
M4784,G992,G992,01
M4785,G992,G992,01
M4786,G992,G992,01
M4787,G992,G992,01
M4788,G992,G992,01
M4789,G992,G992,01
M479,G992,G992,01
M4790,G992,G992,01
M4791,G992,G992,01
M4792,G992,G992,01
M4793,G992,G992,01
M4794,G992,G992,01
M4795,G992,G992,01
M4796,G992,G992,01
M4797,G992,G992,01
M4798,G992,G992,01
M4799,G992,G992,01
M500,G992,G992,01
M510,G992,G992,01
M638,G735,G735,01
M638,G736,G736,01
N185,F028,F028,19
N185,F0280,F0280,19
N185,F0281,F0281,19
N185,F0282,F0282,19
N185,F0283,F0283,19
N185,F0284,F0284,19
N185,G638,G638,01
N185,G998,G998,01
N185,H328,H328,02
N185,I328,I328,05
N185,I688,I688,01
N250,M908,M908,08
N250,M9080,M9080,08
N250,M9081,M9081,08
N250,M9082,M9082,08
N250,M9083,M9083,08
N250,M9084,M9084,08
N250,M9085,M9085,08
N250,M9086,M9086,08
N250,M9087,M9087,08
N250,M9088,M9088,08
N250,M9089,M9089,08
Q900,H198,H198,02
Q901,H198,H198,02
Q902,H198,H198,02
Q909,H198,H198,02
T659,F028,F028,19
T659,F0280,F0280,19
T659,F0281,F0281,19
T659,F0282,F0282,19
T659,F0283,F0283,19
T659,F0284,F0284,19
T703,M148,M148,08
T703,M903,M903,08
T703,M9030,M9030,08
T703,M9031,M9031,08
T703,M9032,M9032,08
T703,M9033,M9033,08
T703,M9034,M9034,08
T703,M9035,M9035,08
T703,M9036,M9036,08
T703,M9037,M9037,08
T703,M9038,M9038,08
T703,M9039,M9039,08
T784,M364,M364,08
T860,N165,N165,11
T862,N165,N165,11
T863,N165,N165,11
T864,N165,N165,11
T868,N165,N165,11
T869,N165,N165,11
