"drg","dc","pcl_min","pcl_max"
00019,0001,0,9
00029,0002,0,9
00049,0004,0,9
00060,0006,0,0
00061,0006,1,9
00070,0007,0,1
00071,0007,2,9
00099,0009,0,9
00100,0010,0,2
00101,0010,3,4
00102,0010,5,5
00103,0010,6,9
00110,0011,0,4
00111,0011,5,6
00112,0011,7,9
00120,0012,0,3
00121,0012,4,9
00130,0013,0,3
00131,0013,4,6
00132,0013,7,9
01010,0101,0,1
01011,0101,2,2
01012,0101,3,9
01020,0102,0,0
01021,0102,1,3
01022,0102,4,4
01023,0102,5,9
01030,0103,0,2
01031,0103,3,3
01032,0103,4,9
01040,0104,0,1
01041,0104,2,9
01050,0105,0,3
01051,0105,4,9
01060,0106,0,0
01061,0106,1,2
01062,0106,3,9
01079,0107,0,9
01089,0108,0,9
01090,0109,0,1
01091,0109,2,9
01129,0112,0,9
01139,0113,0,9
01149,0114,0,9
01179,0117,0,9
01500,0150,0,1
01501,0150,2,2
01502,0150,3,9
01510,0151,0,4
01511,0151,5,9
01520,0152,0,3
01521,0152,4,5
01522,0152,6,9
01530,0153,0,2
01531,0153,3,4
01532,0153,5,5
01533,0153,6,9
01540,0154,0,2
01541,0154,3,9
01550,0155,0,2
01551,0155,3,4
01552,0155,5,5
01553,0155,6,6
01554,0155,7,9
01560,0156,0,3
01561,0156,4,6
01562,0156,7,9
01570,0157,0,2
01571,0157,3,5
01572,0157,6,6
01573,0157,7,9
01580,0158,0,3
01581,0158,4,4
01582,0158,5,9
01590,0159,0,1
01591,0159,2,2
01592,0159,3,3
01593,0159,4,9
01600,0160,0,2
01601,0160,3,9
01610,0161,0,2
01611,0161,3,5
01612,0161,6,9
01620,0162,0,1
01621,0162,2,9
01630,0163,0,2
01631,0163,3,5
01632,0163,6,6
01633,0163,7,7
01634,0163,8,9
01640,0164,0,2
01641,0164,3,4
01642,0164,5,6
01643,0164,7,9
01650,0165,0,1
01651,0165,2,2
01652,0165,3,3
01653,0165,4,9
01660,0166,0,2
01661,0166,3,3
01662,0166,4,9
01670,0167,0,2
01671,0167,3,4
01672,0167,5,6
01673,0167,7,9
01680,0168,0,2
01681,0168,3,4
01682,0168,5,5
01683,0168,6,9
01690,0169,0,1
01691,0169,2,9
01709,0170,0,9
01710,0171,0,1
01711,0171,2,9
01720,0172,0,5
01721,0172,6,7
01722,0172,8,9
01730,0173,0,3
01731,0173,4,5
01732,0173,6,9
01749,0174,0,9
01760,0176,0,1
01761,0176,2,3
01762,0176,4,9
01770,0177,0,1
01771,0177,2,2
01772,0177,3,9
02010,0201,0,4
02011,0201,5,5
02012,0201,6,6
02013,0201,7,9
02020,0202,0,2
02021,0202,3,9
02039,0203,0,9
02050,0205,0,1
02051,0205,2,3
02052,0205,4,9
02060,0206,0,5
02061,0206,6,9
02070,0207,0,0
02071,0207,1,2
02072,0207,3,3
02073,0207,4,9
02080,0208,0,1
02081,0208,2,2
02082,0208,3,3
02083,0208,4,9
02090,0209,0,2
02091,0209,3,9
02109,0210,0,9
02110,0211,0,0
02111,0211,1,9
02129,0212,0,9
02130,0213,0,0
02131,0213,1,9
02500,0250,0,2
02501,0250,3,4
02502,0250,5,9
02510,0251,0,2
02511,0251,3,4
02512,0251,5,9
02520,0252,0,1
02521,0252,2,2
02522,0252,3,9
02530,0253,0,1
02531,0253,2,9
02540,0254,0,2
02541,0254,3,5
02542,0254,6,9
02550,0255,0,2
02551,0255,3,9
03010,0301,0,3
03011,0301,4,9
03100,0310,0,2
03101,0310,3,3
03102,0310,4,9
03120,0312,0,1
03121,0312,2,9
03140,0314,0,2
03141,0314,3,4
03142,0314,5,5
03143,0314,6,9
03219,0321,0,9
03500,0350,0,2
03501,0350,3,4
03502,0350,5,9
03510,0351,0,2
03511,0351,3,4
03512,0351,5,6
03513,0351,7,7
03514,0351,8,9
03520,0352,0,1
03521,0352,2,3
03522,0352,4,5
03523,0352,6,7
03524,0352,8,9
03570,0357,0,2
03571,0357,3,3
03572,0357,4,9
03590,0359,0,4
03591,0359,5,5
03592,0359,6,9
03600,0360,0,2
03601,0360,3,3
03602,0360,4,9
03610,0361,0,3
03611,0361,4,4
03612,0361,5,9
03620,0362,0,1
03621,0362,2,3
03622,0362,4,9
04010,0401,0,1
04011,0401,2,2
04012,0401,3,9
04020,0402,0,1
04021,0402,2,3
04022,0402,4,9
04030,0403,0,2
04031,0403,3,3
04032,0403,4,6
04033,0403,7,7
04034,0403,8,9
04070,0407,0,1
04071,0407,2,2
04072,0407,3,9
04080,0408,0,1
04081,0408,2,9
04099,0409,0,9
04109,0410,0,9
04510,0451,0,3
04511,0451,4,6
04512,0451,7,9
04520,0452,0,1
04521,0452,2,3
04522,0452,4,5
04523,0452,6,6
04524,0452,7,9
04530,0453,0,3
04531,0453,4,9
04540,0454,0,4
04541,0454,5,9
04550,0455,0,2
04551,0455,3,4
04552,0455,5,6
04553,0455,7,7
04554,0455,8,9
04560,0456,0,1
04561,0456,2,9
04570,0457,0,2
04571,0457,3,4
04572,0457,5,9
04580,0458,0,1
04581,0458,2,2
04582,0458,3,9
04590,0459,0,1
04591,0459,2,3
04592,0459,4,4
04593,0459,5,6
04594,0459,7,9
04610,0461,0,1
04611,0461,2,3
04612,0461,4,4
04613,0461,5,9
04620,0462,0,2
04621,0462,3,5
04622,0462,6,9
04630,0463,0,2
04631,0463,3,9
04640,0464,0,2
04641,0464,3,3
04642,0464,4,9
04659,0465,0,9
04660,0466,0,4
04661,0466,5,6
04662,0466,7,7
04663,0466,8,9
04670,0467,0,3
04671,0467,4,4
04672,0467,5,9
04680,0468,0,2
04681,0468,3,3
04682,0468,4,9
04690,0469,0,2
04691,0469,3,3
04692,0469,4,9
04700,0470,0,2
04701,0470,3,9
04710,0471,0,4
04711,0471,5,9
04720,0472,0,5
04721,0472,6,9
05019,0501,0,9
05020,0502,0,4
05021,0502,5,5
05022,0502,6,9
05039,0503,0,9
05049,0504,0,9
05059,0505,0,9
05060,0506,0,2
05061,0506,3,9
05079,0507,0,9
05080,0508,0,2
05081,0508,3,9
05090,0509,0,2
05091,0509,3,9
05109,0510,0,9
05110,0511,0,2
05111,0511,3,3
05112,0511,4,9
05120,0512,0,3
05121,0512,4,6
05122,0512,7,9
05130,0513,0,2
05131,0513,3,9
05149,0514,0,9
05150,0515,0,3
05151,0515,4,5
05152,0515,6,9
05160,0516,0,2
05161,0516,3,9
05170,0517,0,2
05171,0517,3,9
05190,0519,0,6
05191,0519,7,9
05200,0520,0,3
05201,0520,4,4
05202,0520,5,9
05210,0521,0,3
05211,0521,4,5
05212,0521,6,9
05220,0522,0,2
05221,0522,3,7
05222,0522,8,9
05230,0523,0,1
05231,0523,2,2
05232,0523,3,9
05240,0524,0,2
05241,0524,3,3
05242,0524,4,9
05259,0525,0,9
05269,0526,0,9
05270,0527,0,2
05271,0527,3,9
05290,0529,0,1
05291,0529,2,9
05310,0531,0,0
05311,0531,1,9
05329,0532,0,9
05330,0533,0,1
05331,0533,2,9
05360,0536,0,1
05361,0536,2,2
05362,0536,3,9
05379,0537,0,9
05500,0550,0,4
05501,0550,5,9
05510,0551,0,2
05511,0551,3,9
05520,0552,0,3
05521,0552,4,4
05522,0552,5,5
05523,0552,6,9
05530,0553,0,3
05531,0553,4,5
05532,0553,6,6
05533,0553,7,9
05540,0554,0,3
05541,0554,4,4
05542,0554,5,9
05550,0555,0,2
05551,0555,3,4
05552,0555,5,6
05553,0555,7,8
05554,0555,9,9
05560,0556,0,1
05561,0556,2,4
05562,0556,5,9
05579,0557,0,9
05580,0558,0,3
05581,0558,4,4
05582,0558,5,9
05590,0559,0,2
05591,0559,3,4
05592,0559,5,6
05593,0559,7,8
05594,0559,9,9
05600,0560,0,2
05601,0560,3,4
05602,0560,5,6
05603,0560,7,7
05604,0560,8,9
05610,0561,0,2
05611,0561,3,4
05612,0561,5,9
05620,0562,0,5
05621,0562,6,7
05622,0562,8,9
05630,0563,0,2
05631,0563,3,4
05632,0563,5,5
05633,0563,6,9
05640,0564,0,2
05641,0564,3,5
05642,0564,6,6
05643,0564,7,7
05644,0564,8,9
05660,0566,0,2
05661,0566,3,5
05662,0566,6,6
05663,0566,7,9
05680,0568,0,2
05681,0568,3,4
05682,0568,5,5
05683,0568,6,9
05690,0569,0,3
05691,0569,4,5
05692,0569,6,6
05693,0569,7,9
05700,0570,0,4
05701,0570,5,9
06010,0601,0,0
06011,0601,1,9
06020,0602,0,2
06021,0602,3,9
06030,0603,0,3
06031,0603,4,5
06032,0603,6,6
06033,0603,7,9
06040,0604,0,1
06041,0604,2,9
06050,0605,0,2
06051,0605,3,3
06052,0605,4,9
06070,0607,0,2
06071,0607,3,3
06072,0607,4,5
06073,0607,6,6
06074,0607,7,9
06080,0608,0,2
06081,0608,3,9
06090,0609,0,2
06091,0609,3,4
06092,0609,5,9
06100,0610,0,2
06101,0610,3,3
06102,0610,4,9
06110,0611,0,1
06111,0611,2,9
06120,0612,0,0
06121,0612,1,1
06122,0612,2,9
06130,0613,0,2
06131,0613,3,9
06140,0614,0,2
06141,0614,3,3
06142,0614,4,9
06159,0615,0,9
06160,0616,0,3
06161,0616,4,7
06162,0616,8,9
06190,0619,0,3
06191,0619,4,7
06192,0619,8,9
06210,0621,0,3
06211,0621,4,6
06212,0621,7,9
06230,0623,0,3
06231,0623,4,6
06232,0623,7,9
06240,0624,0,3
06241,0624,4,6
06242,0624,7,9
06269,0626,0,9
06279,0627,0,9
06289,0628,0,9
06290,0629,0,2
06291,0629,3,9
06300,0630,0,3
06301,0630,4,5
06302,0630,6,9
06320,0632,0,2
06321,0632,3,3
06322,0632,4,4
06323,0632,5,9
06359,0635,0,9
06360,0636,0,5
06361,0636,6,9
06379,0637,0,9
06389,0638,0,9
06409,0640,0,9
06430,0643,0,4
06431,0643,5,9
06440,0644,0,2
06441,0644,3,6
06442,0644,7,9
06500,0650,0,2
06501,0650,3,4
06502,0650,5,9
06510,0651,0,2
06511,0651,3,4
06512,0651,5,6
06513,0651,7,7
06514,0651,8,9
06540,0654,0,1
06541,0654,2,4
06542,0654,5,9
06559,0655,0,9
06560,0656,0,3
06561,0656,4,5
06562,0656,6,9
06570,0657,0,2
06571,0657,3,4
06572,0657,5,6
06573,0657,7,8
06574,0657,9,9
06580,0658,0,1
06581,0658,2,2
06582,0658,3,3
06583,0658,4,4
06584,0658,5,9
06600,0660,0,3
06601,0660,4,4
06602,0660,5,5
06603,0660,6,9
06610,0661,0,0
06611,0661,1,1
06612,0661,2,2
06613,0661,3,9
06620,0662,0,2
06621,0662,3,9
06630,0663,0,1
06631,0663,2,2
06632,0663,3,9
06640,0664,0,2
06641,0664,3,4
06642,0664,5,7
06643,0664,8,9
06650,0665,0,0
06651,0665,1,3
06652,0665,4,9
06660,0666,0,3
06661,0666,4,6
06662,0666,7,7
06663,0666,8,9
06680,0668,0,2
06681,0668,3,9
06690,0669,0,1
06691,0669,2,3
06692,0669,4,6
06693,0669,7,9
06700,0670,0,5
06701,0670,6,9
06710,0671,0,2
06711,0671,3,3
06712,0671,4,9
06720,0672,0,2
06721,0672,3,4
06722,0672,5,9
06730,0673,0,3
06731,0673,4,9
06740,0674,0,3
06741,0674,4,4
06742,0674,5,9
06750,0675,0,2
06751,0675,3,4
06752,0675,5,5
06753,0675,6,9
06760,0676,0,2
06761,0676,3,4
06762,0676,5,9
07010,0701,0,2
07011,0701,3,9
07020,0702,0,2
07021,0702,3,9
07030,0703,0,3
07031,0703,4,4
07032,0703,5,9
07049,0704,0,9
07050,0705,0,1
07051,0705,2,2
07052,0705,3,3
07053,0705,4,9
07060,0706,0,2
07061,0706,3,3
07062,0706,4,9
07070,0707,0,5
07071,0707,6,9
07080,0708,0,2
07081,0708,3,3
07082,0708,4,9
07090,0709,0,1
07091,0709,2,9
07100,0710,0,2
07101,0710,3,3
07102,0710,4,9
07110,0711,0,3
07111,0711,4,4
07112,0711,5,9
07149,0714,0,9
07150,0715,0,3
07151,0715,4,4
07152,0715,5,9
07169,0716,0,9
07500,0750,0,2
07501,0750,3,4
07502,0750,5,7
07503,0750,8,9
07510,0751,0,2
07511,0751,3,4
07512,0751,5,5
07513,0751,6,9
07530,0753,0,2
07531,0753,3,5
07532,0753,6,6
07533,0753,7,9
07540,0754,0,2
07541,0754,3,5
07542,0754,6,7
07543,0754,8,9
07550,0755,0,2
07551,0755,3,5
07552,0755,6,6
07553,0755,7,9
07569,0756,0,9
07570,0757,0,3
07571,0757,4,7
07572,0757,8,9
07580,0758,0,3
07581,0758,4,9
07590,0759,0,3
07591,0759,4,5
07592,0759,6,7
07593,0759,8,9
07600,0760,0,3
07601,0760,4,5
07602,0760,6,9
07610,0761,0,4
07611,0761,5,9
08019,0801,0,9
08020,0802,0,3
08021,0802,4,4
08022,0802,5,9
08030,0803,0,2
08031,0803,3,5
08032,0803,6,9
08049,0804,0,9
08050,0805,0,3
08051,0805,4,4
08052,0805,5,9
08060,0806,0,2
08061,0806,3,3
08062,0806,4,9
08070,0807,0,1
08071,0807,2,2
08072,0807,3,9
08080,0808,0,1
08081,0808,2,2
08082,0808,3,9
08090,0809,0,1
08091,0809,2,2
08092,0809,3,9
08100,0810,0,2
08101,0810,3,3
08102,0810,4,4
08103,0810,5,9
08110,0811,0,1
08111,0811,2,9
08120,0812,0,2
08121,0812,3,3
08122,0812,4,9
08130,0813,0,2
08131,0813,3,4
08132,0813,5,6
08133,0813,7,9
08140,0814,0,1
08141,0814,2,3
08142,0814,4,4
08143,0814,5,9
08150,0815,0,2
08151,0815,3,4
08152,0815,5,9
08160,0816,0,1
08161,0816,2,3
08162,0816,4,4
08163,0816,5,9
08170,0817,0,2
08171,0817,3,5
08172,0817,6,6
08173,0817,7,9
08180,0818,0,1
08181,0818,2,9
08200,0820,0,3
08201,0820,4,4
08202,0820,5,9
08210,0821,0,3
08211,0821,4,9
08220,0822,0,3
08221,0822,4,6
08222,0822,7,9
08230,0823,0,3
08231,0823,4,4
08232,0823,5,9
08240,0824,0,2
08241,0824,3,9
08250,0825,0,1
08251,0825,2,9
08289,0828,0,9
08290,0829,0,1
08291,0829,2,9
08300,0830,0,3
08301,0830,4,4
08302,0830,5,9
08310,0831,0,2
08311,0831,3,4
08312,0831,5,5
08313,0831,6,9
08359,0835,0,9
08369,0836,0,9
08500,0850,0,3
08501,0850,4,9
08510,0851,0,2
08511,0851,3,4
08512,0851,5,5
08513,0851,6,9
08520,0852,0,2
08521,0852,3,9
08530,0853,0,3
08531,0853,4,5
08532,0853,6,9
08540,0854,0,3
08541,0854,4,4
08542,0854,5,9
08550,0855,0,2
08551,0855,3,4
08552,0855,5,9
08560,0856,0,5
08561,0856,6,7
08562,0856,8,9
08570,0857,0,2
08571,0857,3,4
08572,0857,5,7
08573,0857,8,9
08580,0858,0,2
08581,0858,3,5
08582,0858,6,6
08583,0858,7,9
08600,0860,0,2
08601,0860,3,4
08602,0860,5,9
08610,0861,0,1
08611,0861,2,3
08612,0861,4,4
08613,0861,5,9
08620,0862,0,2
08621,0862,3,4
08622,0862,5,9
08630,0863,0,1
08631,0863,2,2
08632,0863,3,3
08633,0863,4,9
08640,0864,0,0
08641,0864,1,1
08642,0864,2,2
08643,0864,3,9
08650,0865,0,2
08651,0865,3,4
08652,0865,5,5
08653,0865,6,9
08660,0866,0,0
08661,0866,1,3
08662,0866,4,9
08670,0867,0,1
08671,0867,2,2
08672,0867,3,9
08689,0868,0,9
08690,0869,0,3
08691,0869,4,5
08692,0869,6,9
08700,0870,0,3
08701,0870,4,5
08702,0870,6,9
08710,0871,0,2
08711,0871,3,3
08712,0871,4,9
08720,0872,0,3
08721,0872,4,4
08722,0872,5,9
08730,0873,0,1
08731,0873,2,2
08732,0873,3,3
08733,0873,4,9
09010,0901,0,3
09011,0901,4,6
09012,0901,7,9
09029,0902,0,9
09030,0903,0,0
09031,0903,1,9
09049,0904,0,9
09050,0905,0,2
09051,0905,3,3
09052,0905,4,9
09060,0906,0,1
09061,0906,2,3
09062,0906,4,4
09063,0906,5,9
09079,0907,0,9
09080,0908,0,0
09081,0908,1,9
09090,0909,0,2
09091,0909,3,5
09092,0909,6,6
09093,0909,7,9
09100,0910,0,2
09101,0910,3,3
09102,0910,4,9
09110,0911,0,3
09111,0911,4,9
09149,0914,0,9
09150,0915,0,2
09151,0915,3,3
09152,0915,4,9
09500,0950,0,2
09501,0950,3,5
09502,0950,6,6
09503,0950,7,9
09510,0951,0,3
09511,0951,4,4
09512,0951,5,9
09520,0952,0,2
09521,0952,3,9
09530,0953,0,2
09531,0953,3,5
09532,0953,6,7
09533,0953,8,9
09540,0954,0,1
09541,0954,2,4
09542,0954,5,9
09550,0955,0,1
09551,0955,2,9
09560,0956,0,2
09561,0956,3,4
09562,0956,5,6
09563,0956,7,7
09564,0956,8,9
09570,0957,0,0
09571,0957,1,2
09572,0957,3,9
09580,0958,0,2
09581,0958,3,5
09582,0958,6,6
09583,0958,7,9
09590,0959,0,1
09591,0959,2,3
09592,0959,4,9
09609,0960,0,9
09610,0961,0,3
09611,0961,4,4
09612,0961,5,9
09620,0962,0,8
09621,0962,9,9
09630,0963,0,1
09631,0963,2,9
09640,0964,0,2
09641,0964,3,9
09650,0965,0,0
09651,0965,1,2
09652,0965,3,9
09660,0966,0,2
09661,0966,3,9
09679,0967,0,9
10010,1001,0,2
10011,1001,3,9
10020,1002,0,2
10021,1002,3,9
10039,1003,0,9
10049,1004,0,9
10059,1005,0,9
10070,1007,0,2
10071,1007,3,9
10080,1008,0,2
10081,1008,3,4
10082,1008,5,9
10090,1009,0,0
10091,1009,1,9
10109,1010,0,9
10139,1013,0,9
10500,1050,0,2
10501,1050,3,4
10502,1050,5,6
10503,1050,7,7
10504,1050,8,9
10519,1051,0,9
10529,1052,0,9
10530,1053,0,2
10531,1053,3,4
10532,1053,5,6
10533,1053,7,7
10534,1053,8,9
10540,1054,0,2
10541,1054,3,9
10560,1056,0,3
10561,1056,4,5
10562,1056,6,6
10563,1056,7,7
10564,1056,8,9
10590,1059,0,3
10591,1059,4,9
10600,1060,0,2
10601,1060,3,9
10610,1061,0,5
10611,1061,6,9
11019,1101,0,9
11020,1102,0,2
11021,1102,3,3
11022,1102,4,9
11030,1103,0,3
11031,1103,4,4
11032,1103,5,9
11040,1104,0,2
11041,1104,3,5
11042,1104,6,6
11043,1104,7,9
11050,1105,0,2
11051,1105,3,9
11060,1106,0,3
11061,1106,4,4
11062,1106,5,9
11070,1107,0,2
11071,1107,3,4
11072,1107,5,5
11073,1107,6,9
11080,1108,0,4
11081,1108,5,9
11090,1109,0,4
11091,1109,5,9
11100,1110,0,2
11101,1110,3,9
11110,1111,0,3
11111,1111,4,4
11112,1111,5,9
11120,1112,0,1
11121,1112,2,2
11122,1112,3,3
11123,1112,4,9
11159,1115,0,9
11169,1116,0,9
11179,1117,0,9
11189,1118,0,9
11500,1150,0,2
11501,1150,3,4
11502,1150,5,6
11503,1150,7,8
11504,1150,9,9
11510,1151,0,3
11511,1151,4,9
11520,1152,0,2
11521,1152,3,9
11530,1153,0,2
11531,1153,3,9
11540,1154,0,2
11541,1154,3,4
11542,1154,5,5
11543,1154,6,6
11544,1154,7,9
11550,1155,0,4
11551,1155,5,6
11552,1155,7,9
11560,1156,0,3
11561,1156,4,6
11562,1156,7,9
11570,1157,0,1
11571,1157,2,9
11580,1158,0,3
11581,1158,4,5
11582,1158,6,6
11583,1158,7,9
11590,1159,0,3
11591,1159,4,5
11592,1159,6,6
11593,1159,7,9
11600,1160,0,2
11601,1160,3,9
11620,1162,0,3
11621,1162,4,9
11630,1163,0,3
11631,1163,4,9
11640,1164,0,2
11641,1164,3,9
11650,1165,0,3
11651,1165,4,9
11660,1166,0,4
11661,1166,5,9
11670,1167,0,4
11671,1167,5,5
11672,1167,6,9
12019,1201,0,9
12020,1202,0,2
12021,1202,3,5
12022,1202,6,9
12030,1203,0,1
12031,1203,2,2
12032,1203,3,9
12040,1204,0,1
12041,1204,2,9
12059,1205,0,9
12060,1206,0,3
12061,1206,4,9
12070,1207,0,0
12071,1207,1,9
12080,1208,0,3
12081,1208,4,9
12500,1250,0,3
12501,1250,4,9
12510,1251,0,3
12511,1251,4,4
12512,1251,5,9
12520,1252,0,2
12521,1252,3,4
12522,1252,5,5
12523,1252,6,9
12540,1254,0,3
12541,1254,4,9
12559,1255,0,9
12560,1256,0,1
12561,1256,2,2
12562,1256,3,9
12579,1257,0,9
12580,1258,0,1
12581,1258,2,9
12590,1259,0,3
12591,1259,4,5
12592,1259,6,9
13010,1301,0,5
13011,1301,6,9
13020,1302,0,2
13021,1302,3,3
13022,1302,4,9
13039,1303,0,9
13050,1305,0,2
13051,1305,3,4
13052,1305,5,6
13053,1305,7,9
13060,1306,0,0
13061,1306,1,1
13062,1306,2,9
13070,1307,0,2
13071,1307,3,3
13072,1307,4,9
13089,1308,0,9
13090,1309,0,0
13091,1309,1,1
13092,1309,2,4
13093,1309,5,9
13109,1310,0,9
13110,1311,0,2
13111,1311,3,3
13112,1311,4,9
13129,1312,0,9
13130,1313,0,1
13131,1313,2,9
13149,1314,0,9
13169,1316,0,9
13200,1320,0,1
13201,1320,2,9
13210,1321,0,0
13211,1321,1,9
13500,1350,0,3
13501,1350,4,6
13502,1350,7,9
13510,1351,0,0
13511,1351,1,9
13520,1352,0,3
13521,1352,4,9
13530,1353,0,2
13531,1353,3,9
13540,1354,0,1
13541,1354,2,2
13542,1354,3,9
13550,1355,0,2
13551,1355,3,4
13552,1355,5,5
13553,1355,6,9
13569,1356,0,9
13570,1357,0,2
13571,1357,3,3
13572,1357,4,4
13573,1357,5,9
13580,1358,0,2
13581,1358,3,3
13582,1358,4,9
13590,1359,0,1
13591,1359,2,9
13600,1360,0,3
13601,1360,4,5
13602,1360,6,9
13620,1362,0,4
13621,1362,5,6
13622,1362,7,7
13623,1362,8,9
13639,1363,0,9
13640,1364,0,1
13641,1364,2,9
13650,1365,0,1
13651,1365,2,9
14010,1401,0,1
14011,1401,2,3
14012,1401,4,4
14013,1401,5,5
14014,1401,6,9
14020,1402,0,1
14021,1402,2,9
14040,1404,0,1
14041,1404,2,9
14050,1405,0,1
14051,1405,2,3
14052,1405,4,4
14053,1405,5,9
14070,1407,0,0
14071,1407,1,9
14089,1408,0,9
14100,1410,0,1
14101,1410,2,9
14110,1411,0,1
14111,1411,2,9
14120,1412,0,1
14121,1412,2,2
14122,1412,3,9
14500,1450,0,0
14501,1450,1,9
14510,1451,0,0
14511,1451,1,9
14520,1452,0,0
14521,1452,1,1
14522,1452,2,2
14523,1452,3,4
14524,1452,5,9
14530,1453,0,2
14531,1453,3,9
14540,1454,0,1
14541,1454,2,2
14542,1454,3,9
14550,1455,0,3
14551,1455,4,9
14560,1456,0,1
14561,1456,2,9
14579,1457,0,9
14580,1458,0,7
14581,1458,8,9
14590,1459,0,0
14591,1459,1,9
14600,1460,0,1
14601,1460,2,5
14602,1460,6,9
26529,2652,0,9
15010,1501,0,2
15011,1501,3,9
15020,1502,0,1
15021,1502,2,9
15030,1503,0,0
15031,1503,1,1
15032,1503,2,9
15049,1504,0,9
15050,1505,0,1
15051,1505,2,2
15052,1505,3,9
15060,1506,0,1
15061,1506,2,2
15062,1506,3,9
15070,1507,0,1
15071,1507,2,2
15072,1507,3,9
15080,1508,0,1
15081,1508,2,2
15082,1508,3,9
15090,1509,0,0
15091,1509,1,1
15092,1509,2,9
15100,1510,0,1
15101,1510,2,2
15102,1510,3,3
15103,1510,4,9
15119,1511,0,9
15129,1512,0,9
15500,1550,0,0
15501,1550,1,1
15502,1550,2,3
15503,1550,4,9
15519,1551,0,9
15520,1552,0,1
15521,1552,2,9
15530,1553,0,0
15531,1553,1,1
15532,1553,2,9
15540,1554,0,1
15541,1554,2,2
15542,1554,3,3
15543,1554,4,5
15544,1554,6,9
15559,1555,0,9
16010,1601,0,3
16011,1601,4,4
16012,1601,5,9
16020,1602,0,3
16021,1602,4,5
16022,1602,6,9
16500,1650,0,0
16501,1650,1,4
16502,1650,5,7
16503,1650,8,9
16510,1651,0,3
16511,1651,4,7
16512,1651,8,9
16520,1652,0,3
16521,1652,4,6
16522,1652,7,9
16530,1653,0,1
16531,1653,2,4
16532,1653,5,6
16533,1653,7,8
16534,1653,9,9
16540,1654,0,5
16541,1654,6,9
16550,1655,0,0
16551,1655,1,4
16552,1655,5,9
16560,1656,0,2
16561,1656,3,3
16562,1656,4,9
17010,1701,0,1
17011,1701,2,9
17020,1702,0,2
17021,1702,3,9
17500,1750,0,1
17501,1750,2,9
17510,1751,0,1
17511,1751,2,3
17512,1751,4,9
17520,1752,0,0
17521,1752,1,9
17560,1756,0,2
17561,1756,3,9
17570,1757,0,1
17571,1757,2,2
17572,1757,3,3
17573,1757,4,9
17589,1758,0,9
17590,1759,0,0
17591,1759,1,2
17592,1759,3,9
17600,1760,0,2
17601,1760,3,3
17602,1760,4,9
17619,1761,0,9
17620,1762,0,2
17621,1762,3,3
17622,1762,4,9
17630,1763,0,6
17631,1763,7,9
17640,1764,0,2
17641,1764,3,3
17642,1764,4,9
17650,1765,0,2
17651,1765,3,3
17652,1765,4,4
17653,1765,5,9
17670,1767,0,7
17671,1767,8,9
17689,1768,0,9
17690,1769,0,1
17691,1769,2,9
17700,1770,0,1
17701,1770,2,9
18019,1801,0,9
18020,1802,0,2
18021,1802,3,9
18030,1803,0,2
18031,1803,3,3
18032,1803,4,9
18049,1804,0,9
18059,1805,0,9
18500,1850,0,2
18501,1850,3,4
18502,1850,5,5
18503,1850,6,6
18504,1850,7,9
18510,1851,0,1
18511,1851,2,2
18512,1851,3,3
18513,1851,4,9
18520,1852,0,2
18521,1852,3,4
18522,1852,5,6
18523,1852,7,9
18530,1853,0,1
18531,1853,2,3
18532,1853,4,6
18533,1853,7,9
18540,1854,0,2
18541,1854,3,3
18542,1854,4,9
18550,1855,0,2
18551,1855,3,9
18560,1856,0,3
18561,1856,4,4
18562,1856,5,9
18570,1857,0,3
18571,1857,4,4
18572,1857,5,9
18580,1858,0,2
18581,1858,3,4
18582,1858,5,7
18583,1858,8,9
18590,1859,0,0
18591,1859,1,1
18592,1859,2,9
18600,1860,0,2
18601,1860,3,3
18602,1860,4,9
18610,1861,0,1
18611,1861,2,2
18612,1861,3,9
18620,1862,0,3
18621,1862,4,9
18639,1863,0,9
18640,1864,0,3
18641,1864,4,5
18642,1864,6,6
18643,1864,7,9
18650,1865,0,2
18651,1865,3,3
18652,1865,4,9
18660,1866,0,4
18661,1866,5,5
18662,1866,6,9
18679,1867,0,9
18680,1868,0,4
18681,1868,5,5
18682,1868,6,9
18699,1869,0,9
18700,1870,0,2
18701,1870,3,9
18720,1872,0,3
18721,1872,4,8
18722,1872,9,9
19010,1901,0,2
19011,1901,3,9
19020,1902,0,1
19021,1902,2,2
19022,1902,3,9
19030,1903,0,2
19031,1903,3,9
19049,1904,0,9
19500,1950,0,1
19501,1950,2,4
19502,1950,5,7
19503,1950,8,9
19510,1951,0,1
19511,1951,2,3
19512,1951,4,8
19513,1951,9,9
19520,1952,0,2
19521,1952,3,4
19522,1952,5,6
19523,1952,7,9
19530,1953,0,2
19531,1953,3,3
19532,1953,4,9
19549,1954,0,9
19550,1955,0,3
19551,1955,4,5
19552,1955,6,9
19569,1956,0,9
19579,1957,0,9
19580,1958,0,2
19581,1958,3,4
19582,1958,5,9
19590,1959,0,3
19591,1959,4,6
19592,1959,7,9
19600,1960,0,1
19601,1960,2,9
19620,1962,0,3
19621,1962,4,4
19622,1962,5,9
20500,2050,0,1
20501,2050,2,3
20502,2050,4,7
20503,2050,8,9
20510,2051,0,2
20511,2051,3,5
20512,2051,6,9
20520,2052,0,3
20521,2052,4,4
20522,2052,5,7
20523,2052,8,9
20539,2053,0,9
20540,2054,0,2
20541,2054,3,8
20542,2054,9,9
21010,2101,0,3
21011,2101,4,9
21020,2102,0,0
21021,2102,1,9
21039,2103,0,9
21040,2104,0,2
21041,2104,3,3
21042,2104,4,9
21079,2107,0,9
21500,2150,0,1
21501,2150,2,3
21502,2150,4,6
21503,2150,7,9
21510,2151,0,2
21511,2151,3,3
21512,2151,4,9
21520,2152,0,1
21521,2152,2,3
21522,2152,4,4
21523,2152,5,9
21530,2153,0,2
21531,2153,3,9
21540,2154,0,1
21541,2154,2,3
21542,2154,4,5
21543,2154,6,6
21544,2154,7,9
21550,2155,0,1
21551,2155,2,3
21552,2155,4,4
21553,2155,5,9
21560,2156,0,4
21561,2156,5,5
21562,2156,6,9
21570,2157,0,2
21571,2157,3,3
21572,2157,4,9
22019,2201,0,9
22029,2202,0,9
22050,2205,0,4
22051,2205,5,9
22069,2206,0,9
22070,2207,0,1
22071,2207,2,9
22500,2250,0,2
22501,2250,3,9
22510,2251,0,1
22511,2251,2,9
22520,2252,0,2
22521,2252,3,3
22522,2252,4,9
23039,2303,0,9
23040,2304,0,0
23041,2304,1,9
23059,2305,0,9
23060,2306,0,0
23061,2306,1,9
23079,2307,0,9
23500,2350,0,1
23501,2350,2,9
23510,2351,0,2
23511,2351,3,6
23512,2351,7,8
23513,2351,9,9
23520,2352,0,2
23521,2352,3,9
23530,2353,0,2
23531,2353,3,6
23532,2353,7,9
23540,2354,0,2
23541,2354,3,6
23542,2354,7,9
23550,2355,0,3
23551,2355,4,6
23552,2355,7,9
24010,2401,0,3
24011,2401,4,4
24012,2401,5,9
24059,2405,0,9
24110,2411,0,3
24111,2411,4,9
24120,2412,0,1
24121,2412,2,9
24140,2414,0,1
24141,2414,2,3
24142,2414,4,9
24170,2417,0,2
24171,2417,3,9
24180,2418,0,2
24181,2418,3,3
24182,2418,4,9
24190,2419,0,3
24191,2419,4,9
24200,2420,0,2
24201,2420,3,3
24202,2420,4,9
24210,2421,0,1
24211,2421,2,2
24212,2421,3,3
24213,2421,4,9
24220,2422,0,1
24221,2422,2,2
24222,2422,3,9
24230,2423,0,5
24231,2423,6,9
24500,2450,0,1
24501,2450,2,2
24502,2450,3,9
25019,2501,0,9
25029,2502,0,9
25039,2503,0,9
25049,2504,0,9
25500,2550,0,2
25501,2550,3,9
25510,2551,0,3
25511,2551,4,9
25520,2552,0,2
25521,2552,3,4
25522,2552,5,6
25523,2552,7,9
25530,2553,0,1
25531,2553,2,9
25540,2554,0,3
25541,2554,4,6
25542,2554,7,9
