"code","main"
A001,A000
A009,A000
A012,A011
A013,A011
A014,A011
A031,A030
A032,A030
A033,A030
A038,A030
A041,A040
A042,A040
A043,A040
A045,A040
A046,A040
A052,A051
A053,A051
A054,A051
A058,A051
A062,A061
A063,A061
A071,A070
A072,A070
A073,A070
A078,A070
A081,A080
A082,A080
A083,A080
A084,A080
A151,A150
A152,A150
A155,A154
A156,A154
A157,A154
A158,A154
A161,A160
A162,A160
A164,A163
A165,A163
A167,A163
A168,A163
A169,A160
A185,A184
A186,A184
A188,A184
A191,A190
A192,A190
A198,A190
A199,A190
A201,A200
A202,A200
A203,A200
A207,A200
A208,A200
A209,A200
A211,A210
A212,A210
A217,A210
A218,A210
A219,A210
A221,A220
A222,A220
A227,A220
A229,A220
A232,A230
A238,A230
A239,A230
A243,A242
A259,A251
A279,A278
A281,A280
A282,A280
A301,A300
A302,A300
A303,A300
A304,A300
A305,A300
A308,A300
A309,A300
A327,A320
A328,A320
A329,A320
A361,A360
A362,A360
A363,A360
A368,A360
A369,A360
A371,A370
A379,A370
A394,A392
A398,A392
A399,A392
A401,A400
A402,A400
A403,A400
A408,A400
A409,A400
A414,A413
A421,A420
A422,A420
A427,A420
A428,A420
A429,A420
A431,A430
A438,A430
A439,A430
A441,A440
A448,A440
A449,A440
A501,A500
A502,A500
A503,A500
A504,A500
A505,A500
A506,A500
A507,A500
A509,A500
A513,A511
A514,A511
A522,A521
A523,A521
A527,A521
A541,A540
A542,A540
A543,A540
A545,A540
A546,A540
A548,A540
A560,A55
A561,A55
A562,A55
A563,A55
A568,A55
A57,A55
A58,A55
A662,A661
A663,A661
A664,A661
A673,A671
A681,A661
A689,A661
A691,A690
A692,A661
A751,A750
A752,A750
A753,A750
A759,A750
A770,A750
A771,A750
A772,A750
A778,A750
A779,A750
A78,A750
A790,A750
A791,A750
A798,A750
A799,A750
A801,A800
A802,A800
A803,A800
A804,A800
A809,A800
A811,A810
A812,A810
A818,A810
A819,A810
A821,A820
A829,A820
A831,A830
A834,A830
A835,A830
A838,A830
A839,A830
A840,A830
A848,A830
A849,A830
A852,A830
A858,A830
A86,A830
A878,A872
A879,A872
A888,A881
A911,A91
A919,A91
A921,A920
A922,A920
A923,A920
A925,A920
A928,A920
A929,A920
A930,A920
A931,A920
A951,A950
A959,A950
A961,A960
A968,A960
A969,A960
A970,A90
A971,A91
A972,A910
A979,A90
A981,A980
A982,A980
A983,A980
A984,A980
A985,A980
A988,A980
A99,A980
B019,B018
B027,B023
B028,B023
B058,B054
B069,B068
B082,B080
B083,B080
B084,B080
B085,B080
B159,B150
B162,B160
B169,B161
B170,B161
B178,B172
B181,B180
B1810,B180
B1819,B180
B188,B180
B190,B160
B199,B161
B202,B201
B203,B201
B204,B201
B205,B201
B208,B201
B211,B210
B212,B210
B213,B210
B217,B210
B218,B210
B219,B210
B221,B220
B222,B220
B227,B220
B231,B230
B232,B230
B233,B230
B238,B230
B271,B270
B278,B270
B279,B270
B309,B302
B331,B330
B381,B380
B382,B380
B383,B380
B387,B380
B388,B380
B389,B380
B391,B390
B392,B390
B393,B390
B394,B390
B395,B390
B399,B390
B401,B400
B402,B400
B403,B400
B407,B400
B408,B400
B409,B400
B417,B410
B418,B410
B419,B410
B429,B428
B432,B430
B438,B430
B439,B430
B441,B440
B442,B440
B447,B440
B451,B450
B452,B450
B453,B450
B457,B450
B458,B450
B461,B460
B462,B460
B464,B460
B471,B470
B479,B470
B482,B481
B508,B500
B518,B510
B519,B510
B528,B520
B529,B520
B531,B530
B538,B530
B551,B550
B552,B550
B559,B550
B561,B560
B569,B560
B572,B571
B573,B571
B589,B588
B602,B601
B651,B650
B652,B650
B658,B650
B659,B650
B661,B660
B663,B660
B664,B660
B665,B660
B671,B670
B675,B670
B678,B670
B692,B691
B698,B691
B741,B740
B743,B740
B744,B740
B748,B740
B749,B740
B788,B781
B789,B781
B831,B830
B8310,B830
B8311,B830
B8312,B830
B8318,B830
B8319,B830
B832,B830
B871,B870
B872,B870
B873,B870
B874,B870
C001,C000
C002,C000
C003,C000
C004,C000
C005,C000
C006,C000
C008,C000
C009,C000
C021,C020
C0210,C020
C0211,C020
C0219,C020
C022,C020
C023,C020
C024,C020
C028,C020
C031,C030
C039,C030
C041,C040
C048,C040
C049,C040
C051,C050
C052,C050
C058,C050
C059,C050
C061,C060
C0610,C060
C0611,C060
C0613,C060
C0615,C060
C0619,C060
C062,C060
C0620,C060
C0621,C060
C0629,C060
C068,C060
C081,C080
C088,C080
C089,C080
C091,C090
C098,C090
C099,C090
C101,C100
C102,C100
C103,C100
C104,C100
C108,C100
C109,C100
C111,C110
C112,C110
C113,C110
C118,C110
C119,C110
C120,C12
C121,C12
C122,C12
C128,C12
C129,C12
C131,C130
C132,C130
C138,C130
C139,C130
C142,C140
C148,C140
C151,C150
C152,C150
C153,C150
C154,C150
C155,C150
C158,C150
C159,C150
C161,C160
C162,C160
C163,C160
C164,C160
C165,C160
C166,C160
C168,C160
C169,C160
C171,C170
C172,C170
C173,C170
C178,C170
C179,C170
C181,C180
C183,C182
C184,C180
C186,C185
C211,C210
C212,C210
C218,C210
C223,C222
C224,C222
C227,C222
C252,C251
C253,C251
C254,C251
C257,C251
C258,C251
C268,C260
C269,C260
C301,C300
C312,C311
C313,C311
C318,C311
C319,C311
C323,C322
C328,C322
C329,C322
C348,C340
C382,C381
C383,C381
C384,C381
C388,C381
C398,C390
C399,C390
C401,C400
C403,C400
C408,C400
C409,C400
C4100,C410
C4101,C410
C4102,C410
C4108,C410
C4109,C410
C411,C410
C4110,C410
C4111,C410
C4119,C410
C412,C410
C413,C410
C418,C410
C431,C430
C432,C430
C433,C430
C434,C430
C435,C430
C436,C430
C437,C430
C438,C430
C439,C430
C442,C440
C443,C440
C445,C440
C446,C440
C448,C440
C459,C457
C461,C460
C462,C460
C463,C460
C467,C460
C468,C460
C469,C460
C471,C470
C472,C470
C473,C470
C474,C470
C475,C470
C476,C470
C478,C470
C479,C470
C482,C481
C488,C481
C494,C493
C495,C493
C496,C493
C498,C493
C501,C500
C502,C500
C503,C500
C504,C500
C505,C500
C506,C500
C508,C500
C509,C500
C511,C510
C512,C510
C518,C510
C542,C540
C543,C540
C548,C540
C571,C570
C572,C570
C573,C570
C574,C570
C578,C577
C579,C577
C601,C600
C602,C600
C608,C600
C609,C600
C621,C620
C629,C620
C631,C630
C632,C630
C637,C630
C638,C630
C639,C630
C671,C670
C672,C670
C673,C670
C674,C670
C675,C670
C676,C670
C677,C670
C678,C670
C679,C670
C681,C680
C688,C680
C691,C690
C692,C690
C693,C690
C694,C690
C695,C690
C696,C690
C698,C690
C699,C690
C701,C700
C709,C700
C711,C710
C712,C710
C713,C710
C714,C710
C715,C710
C716,C710
C717,C710
C718,C710
C721,C720
C722,C720
C723,C720
C724,C720
C725,C720
C728,C720
C741,C740
C749,C740
C750,C73
C752,C751
C753,C751
C754,C751
C755,C751
C758,C751
C765,C764
C768,C767
C774,C773
C775,C773
C778,C773
C791,C790
C811,C810
C812,C810
C813,C810
C814,C810
C817,C810
C819,C810
C821,C820
C822,C820
C823,C820
C824,C820
C825,C820
C826,C820
C827,C820
C833,C830
C837,C831
C838,C831
C839,C831
C841,C840
C844,C840
C845,C840
C846,C840
C847,C840
C848,C840
C849,C840
C857,C852
C862,C861
C863,C861
C864,C861
C866,C861
C882,C880
C883,C880
C884,C880
C887,C880
C889,C880
C902,C901
C903,C901
C914,C913
C915,C913
C916,C913
C917,C913
C918,C913
C919,C913
C922,C921
C923,C921
C924,C920
C925,C920
C926,C921
C927,C921
C928,C921
C929,C921
C937,C933
C939,C933
C943,C942
C944,C942
C946,C942
C947,C942
C957,C951
C959,C951
C962,C960
C964,C960
C965,C960
C966,C960
C967,C960
C968,C960
D331,D330
D332,D330
D334,D330
D354,D353
D355,D353
D421,D420
D429,D420
D431,D430
D433,D430
D445,D444
D461,D460
D464,D460
D465,D462
D466,D460
D467,D462
D471,D470
D474,D472
D475,D470
D477,D470
D508,D501
D511,D510
D512,D510
D513,D510
D518,D510
D519,D510
D521,D520
D528,D520
D529,D520
D531,D530
D532,D530
D551,D550
D552,D550
D553,D550
D558,D550
D559,D550
D571,D570
D572,D570
D581,D580
D593,D592
D594,D592
D5940,D592
D5941,D592
D5942,D592
D5943,D592
D5948,D592
D595,D592
D596,D592
D598,D592
D601,D600
D608,D600
D609,D600
D612,D611
D613,D610
D618,D610
D641,D640
D642,D640
D643,D640
D644,D640
D682,D681
D698,D694
D738,D735
D748,D740
D749,D740
D762,D761
D763,D761
D801,D800
D803,D802
D804,D802
D805,D802
D806,D802
D807,D802
D808,D802
D809,D802
D811,D810
D812,D810
D813,D810
D814,D810
D815,D810
D816,D810
D818,D810
D819,D810
D821,D820
D822,D820
D823,D820
D824,D820
D828,D820
D829,D820
D831,D830
D832,D830
D838,D830
D839,D830
D841,D840
D848,D840
D862,D860
D868,D860
D869,D860
D891,D890
E001,E000
E002,E000
E009,E000
E011,E010
E012,E010
E018,E010
E031,E030
E032,E030
E033,E030
E035,E030
E036,E030
E038,E030
E052,E051
E053,E051
E054,E051
E058,E051
E061,E060
E062,E060
E064,E060
E071,E070
E072,E070
E106,E105
E107,E105
E108,E105
E117,E116
E118,E116
E121,E120
E125,E120
E126,E120
E127,E120
E128,E120
E129,E120
E131,E130
E135,E130
E136,E130
E137,E130
E138,E130
E146,E145
E147,E145
E148,E145
E201,E200
E208,E200
E209,E200
E211,E210
E212,E210
E213,E210
E214,E210
E221,E220
E228,E220
E241,E240
E243,E240
E258,E250
E259,E250
E268,E261
E269,E261
E272,E271
E275,E270
E341,E340
E351,E350
E358,E350
E41,E40
E42,E40
E530,E52
E531,E52
E701,E700
E702,E700
E711,E710
E751,E750
E752,E750
E753,E750
E754,E750
E755,E750
E761,E760
E762,E760
E763,E760
E768,E760
E769,E760
E801,E800
E802,E800
E803,E800
E806,E805
E841,E840
E848,E840
E853,E851
E896,E893
F0000,F000
F0001,F000
F0002,F000
F0003,F000
F0004,F000
F001,F000
F0010,F000
F0011,F000
F0012,F000
F0014,F000
F002,F000
F0020,F000
F0021,F000
F0023,F0013
F0024,F000
F009,F000
F0090,F000
F0091,F000
F0092,F0013
F0094,F000
F0100,F010
F0101,F010
F0104,F010
F011,F010
F0110,F010
F0111,F010
F0114,F010
F012,F010
F0120,F010
F0122,F0113
F013,F010
F0130,F010
F0131,F010
F0134,F0103
F018,F010
F0180,F010
F0181,F010
F0182,F010
F0183,F010
F0184,F010
F0190,F010
F0191,F010
F0192,F010
F0193,F010
F0194,F010
F0200,F020
F0204,F0203
F021,F020
F0210,F020
F022,F020
F0220,F020
F023,F020
F0230,F020
F0231,F020
F0232,F020
F0233,F020
F0234,F020
F0240,F024
F0244,F024
F028,F024
F0280,F020
F0283,F020
F0284,F020
F032,F031
F033,F031
F034,F031
F058,F050
F061,F060
F062,F060
F063,F060
F0630,F060
F0631,F060
F0632,F060
F0633,F060
F064,F060
F065,F060
F066,F060
F068,F060
F071,F070
F072,F070
F078,F070
F1004,F1003
F1006,F1005
F1007,F1003
F1023,F1022
F1031,F1005
F1051,F1003
F1053,F1003
F1054,F1003
F1055,F1003
F1056,F1003
F1070,F1003
F1072,F1003
F1073,F1003
F1074,F1003
F1075,F1003
F1105,F1103
F1106,F1103
F111,F1103
F112,F1103
F1122,F1103
F1123,F1103
F1124,F1103
F1125,F1103
F1126,F1103
F1130,F113
F114,F113
F1140,F113
F115,F113
F1150,F113
F1151,F1131
F1152,F113
F1153,F1131
F1154,F113
F1156,F113
F116,F113
F117,F113
F118,F113
F1200,F120
F1202,F120
F1203,F120
F1204,F1201
F1205,F120
F1206,F120
F121,F120
F1221,F120
F1222,F120
F1223,F1201
F1224,F120
F1226,F120
F1230,F123
F1231,F123
F124,F123
F1240,F123
F125,F123
F1251,F123
F1252,F123
F1253,F123
F1254,F123
F1255,F123
F1256,F123
F126,F123
F127,F123
F1275,F1241
F128,F123
F129,F123
F1305,F1303
F1306,F1303
F131,F1303
F132,F1303
F1320,F1307
F1322,F1307
F1323,F1307
F1324,F1307
F1325,F1303
F1330,F133
F1331,F133
F134,F133
F1340,F133
F1341,F133
F135,F133
F1350,F133
F1352,F133
F136,F133
F137,F133
F138,F133
F1400,F140
F1402,F140
F1404,F1403
F1405,F1403
F141,F140
F142,F140
F1425,F140
F145,F143
F1450,F143
F1470,F143
F1471,F143
F148,F1454
F1502,F1501
F1503,F1501
F1504,F1501
F1505,F1501
F1506,F1501
F1507,F1501
F1522,F1501
F1523,F1501
F1524,F152
F1525,F1501
F1526,F1501
F1530,F153
F1531,F153
F154,F153
F1540,F153
F1541,F153
F1551,F153
F1552,F153
F1553,F153
F1554,F153
F1555,F153
F1556,F153
F156,F153
F157,F153
F158,F153
F1600,F160
F1602,F160
F1603,F160
F1605,F160
F1606,F160
F1607,F1604
F161,F160
F162,F160
F1625,F160
F1626,F1604
F1630,F163
F164,F163
F165,F163
F1650,F163
F1651,F163
F1652,F163
F1656,F163
F167,F163
F1671,F163
F168,F163
F169,F163
F1705,F1703
F171,F1703
F172,F1703
F1723,F1722
F1724,F1703
F1725,F1703
F1726,F1722
F181,F1804
F1822,F1804
F1823,F1804
F1824,F1804
F1825,F1804
F1826,F1804
F1830,F183
F184,F183
F185,F183
F1850,F183
F1852,F183
F1853,F183
F1856,F183
F1874,F183
F188,F183
F1902,F1901
F1903,F1901
F1904,F1901
F1905,F1901
F1906,F1901
F1907,F1901
F191,F1901
F1923,F1922
F1924,F1901
F1925,F1901
F1926,F1922
F1930,F193
F1931,F193
F194,F193
F1941,F193
F195,F193
F1951,F193
F1952,F193
F1953,F193
F1954,F193
F1955,F193
F1956,F193
F196,F193
F197,F193
F1970,F193
F1975,F193
F198,F193
F2000,F200
F2001,F200
F2002,F200
F2003,F200
F2004,F200
F2009,F2008
F201,F200
F2010,F200
F2012,F2011
F2013,F2011
F2014,F2011
F2018,F2011
F2019,F2011
F2020,F2011
F2021,F2011
F2022,F2011
F2023,F2011
F2024,F2011
F2028,F2011
F2029,F2011
F203,F200
F2031,F2011
F2032,F2011
F2033,F200
F2034,F2011
F2038,F2011
F2039,F2011
F204,F2030
F2040,F2011
F2041,F2011
F2043,F2011
F2044,F2011
F2048,F2011
F2050,F2011
F2051,F2011
F2052,F2011
F2053,F2011
F2054,F2011
F2058,F2011
F2059,F2011
F206,F2011
F2060,F2011
F2062,F2011
F2068,F2011
F2069,F2011
F2080,F2011
F2081,F2011
F2082,F2011
F2083,F2011
F2084,F2064
F2088,F2011
F2089,F2011
F2090,F2008
F2091,F2011
F2092,F2011
F2093,F2011
F2094,F2011
F2098,F2008
F228,F220
F229,F220
F232,F231
F233,F231
F238,F231
F251,F250
F252,F250
F258,F250
F313,F310
F3130,F310
F3131,F310
F314,F310
F315,F312
F316,F310
F317,F310
F318,F310
F3231,F323
F328,F3211
F3300,F330
F3301,F330
F331,F330
F3310,F330
F3311,F330
F332,F330
F3330,F333
F3331,F333
F334,F330
F338,F330
F339,F330
F341,F340
F348,F340
F349,F340
F381,F380
F3810,F380
F388,F380
F441,F440
F442,F440
F444,F440
F445,F440
F446,F440
F447,F440
F448,F440
F4480,F440
F4488,F440
F449,F440
F501,F500
F502,F500
F503,F500
F505,F500
F708,F701
F710,F701
F711,F701
F718,F701
F719,F701
F721,F720
F728,F720
F729,F720
F731,F730
F738,F730
F739,F730
F781,F780
F788,F780
F789,F780
F841,F840
F842,F840
F843,F840
F845,F840
F848,F840
F849,F840
G001,G000
G003,G000
G008,G000
G009,G000
G028,G021
G032,G031
G038,G031
G039,G031
G043,G042
G048,G040
G051,G050
G052,G050
G058,G050
G111,G110
G112,G110
G113,G110
G114,G110
G121,G120
G128,G120
G129,G120
G132,G131
G138,G131
G212,G211
G213,G211
G214,G211
G218,G211
G219,G211
G231,G230
G232,G230
G233,G230
G238,G230
G239,G230
G242,G241
G244,G243
G301,G300
G308,G300
G309,G300
G368,G360
G369,G360
G371,G370
G372,G370
G373,G370
G374,G370
G375,G370
G378,G370
G379,G370
G402,G400
G404,G400
G406,G405
G407,G405
G408,G405
G411,G410
G412,G410
G418,G410
G433,G432
G452,G450
G454,G451
G461,G460
G462,G460
G464,G463
G466,G465
G468,G465
G501,G500
G508,G500
G512,G511
G522,G521
G523,G521
G527,G521
G528,G521
G531,G530
G532,G530
G533,G530
G538,G530
G552,G551
G553,G551
G558,G550
G598,G590
G601,G600
G602,G600
G603,G600
G608,G600
G609,G600
G618,G611
G621,G620
G622,G620
G623,G620
G631,G630
G632,G630
G633,G630
G634,G630
G635,G630
G636,G630
G638,G630
G702,G700
G708,G701
G709,G701
G711,G710
G712,G710
G713,G710
G718,G710
G719,G710
G731,G730
G732,G730
G733,G730
G735,G734
G736,G734
G737,G734
G802,G801
G803,G801
G804,G801
G808,G801
G823,G821
G825,G820
G901,G900
G903,G900
G913,G912
G918,G912
G941,G940
G942,G940
G948,G943
G961,G960
G991,G990
H061,H060
H062,H060
H063,H060
H101,H100
H102,H100
H103,H100
H132,H131
H138,H131
H162,H160
H163,H160
H191,H190
H192,H190
H193,H190
H198,H190
H221,H220
H228,H220
H301,H300
H302,H300
H309,H300
H314,H313
H318,H313
H328,H320
H342,H341
H348,H341
H349,H341
H357,H354
H368,H3602
H403,H402
H404,H402
H405,H402
H406,H402
H428,H420
H431,H430
H447,H446
H451,H450
H458,H450
H474,H471
H475,H471
H476,H471
H477,H471
H481,H480
H488,H480
H494,H493
H602,H600
H622,H620
H623,H620
H624,H620
H628,H620
H661,H660
H662,H660
H663,H660
H664,H660
H669,H660
H671,H670
H678,H670
H701,H700
H702,H700
H708,H700
H709,H700
H812,H810
H813,H811
H814,H811
H831,H830
H832,H830
H948,H940
H951,H950
H958,H950
I011,I010
I012,I010
I018,I010
I019,I010
I029,I020
I061,I060
I062,I060
I071,I070
I072,I070
I081,I080
I082,I080
I083,I080
I092,I090
I152,I150
I158,I150
I221,I220
I228,I220
I229,I220
I231,I230
I232,I230
I233,I230
I235,I234
I236,I230
I238,I230
I248,I240
I249,I240
I254,I253
I258,I256
I308,I300
I309,I300
I311,I310
I312,I310
I313,I310
I318,I310
I321,I320
I328,I320
I339,I330
I352,I351
I361,I360
I362,I360
I371,I370
I372,I370
I391,I390
I392,I390
I393,I390
I394,I390
I398,I390
I401,I400
I408,I400
I409,I400
I411,I410
I412,I410
I418,I410
I424,I423
I425,I423
I426,I421
I427,I421
I428,I421
I431,I430
I432,I430
I438,I430
I471,I470
I480,I48
I481,I48
I482,I48
I483,I48
I484,I48
I489,I48
I4900,I490
I4901,I490
I4909,I490
I512,I511
I521,I520
I528,I520
I601,I600
I602,I600
I603,I600
I604,I600
I605,I600
I606,I600
I607,I600
I608,I600
I613,I612
I615,I612
I616,I614
I619,I612
I631,I630
I632,I630
I636,I630
I651,I650
I653,I650
I658,I650
I662,I661
I663,I660
I664,I661
I668,I661
I669,I661
I671,I670
I675,I670
I678,I672
I681,I680
I682,I680
I688,I680
I7011,I7001
I70210,I7021
I70211,I7021
I70212,I7021
I70219,I7021
I7031,I7001
I7081,I7021
I7091,I7021
I712,I711
I713,I711
I714,I711
I715,I711
I716,I711
I718,I711
I721,I720
I723,I720
I724,I720
I725,I720
I726,I720
I728,I720
I741,I740
I742,I740
I743,I740
I744,I740
I745,I740
I748,I740
I775,I772
I791,I790
I792,I790
I798,I790
I823,I822
I828,I822
I831,I830
I832,I830
I843,I841
I847,I840
I8640,I864
J011,J010
J012,J010
J013,J010
J014,J010
J018,J010
J019,J010
J042,J041
J122,J120
J123,J120
J128,J120
J157,J153
J1581,J158
J1588,J158
J172,J171
J173,J171
J178,J170
J201,J200
J202,J200
J203,J200
J204,J200
J206,J205
J207,J200
J208,J200
J211,J210
J218,J210
J384,J380
J385,J380
J418,J411
J431,J430
J432,J430
J438,J430
J439,J430
J451,J450
J452,J450
J458,J450
J459,J450
J628,J620
J631,J630
J633,J630
J634,J630
J635,J630
J638,J630
J662,J660
J668,J660
J671,J670
J672,J670
J673,J670
J674,J670
J675,J670
J676,J670
J677,J670
J678,J670
J679,J670
J682,J680
J683,J680
J688,J684
J689,J684
J701,J700
J702,J700
J703,J700
J704,J700
J708,J700
J841,J840
J848,J840
J852,J851
J929,J920
J941,J940
J948,J940
J952,J951
J953,J951
J9600,J960
J9601,J960
J9609,J960
J9610,J961
J9611,J961
J9619,J961
J9690,J969
J9691,J969
J9699,J969
J987,J986
J988,J986
J991,J990
K1020,K102
K1021,K102
K1024,K102
K1025,K102
K1026,K102
K1028,K102
K1029,K102
K103,K102
K115,K114
K1202,K1201
K1203,K1201
K123,K1201
K224,K223
K225,K223
K227,K223
K228,K223
K252,K251
K254,K250
K255,K251
K256,K251
K257,K253
K259,K253
K262,K261
K265,K261
K266,K261
K267,K263
K269,K263
K271,K261
K272,K261
K274,K270
K275,K261
K276,K261
K277,K273
K281,K261
K282,K261
K284,K280
K285,K261
K286,K261
K287,K283
K293,K292
K294,K292
K295,K292
K298,K292
K299,K291
K313,K312
K314,K312
K316,K312
K318,K312
K383,K380
K388,K380
K401,K400
K403,K400
K404,K400
K410,K400
K411,K400
K413,K400
K414,K400
K421,K420
K430,K420
K431,K420
K433,K420
K434,K420
K436,K420
K437,K420
K441,K440
K450,K420
K451,K420
K461,K460
K501,K500
K508,K500
K509,K500
K512,K510
K513,K510
K514,K510
K515,K510
K518,K510
K519,K510
K5220,K522
K5228,K522
K5229,K522
K523,K522
K563,K562
K572,K570
K574,K570
K578,K570
K581,K580
K583,K580
K593,K592
K611,K610
K612,K610
K614,K610
K645,K643
K6500,K650
K6501,K650
K658,K650
K671,K670
K673,K672
K678,K672
K711,K710
K712,K710
K714,K713
K715,K713
K716,K710
K717,K713
K718,K713
K719,K713
K731,K730
K732,K730
K738,K730
K741,K740
K742,K740
K743,K740
K744,K740
K745,K740
K752,K751
K753,K751
K763,K762
K764,K762
K765,K762
K778,K770
K822,K820
K823,K820
K833,K832
K834,K832
K836,K832
K852,K850
K901,K900
K902,K900
K903,K900
K904,K900
K908,K900
K909,K900
K9120,K912
K9128,K912
K9129,K912
K931,K930
L038,L033
L041,L040
L042,L040
L043,L040
L048,L040
L101,L100
L102,L100
L103,L100
L104,L100
L105,L100
L106,L100
L108,L100
L109,L100
L121,L120
L122,L120
L123,L120
L128,L120
L129,L120
L208,L200
L209,L200
L231,L230
L232,L230
L233,L230
L234,L230
L235,L230
L236,L230
L237,L230
L238,L230
L239,L230
L241,L240
L242,L240
L243,L240
L244,L240
L245,L240
L246,L240
L247,L240
L248,L240
L2480,L240
L2481,L240
L2488,L240
L249,L240
L251,L250
L252,L250
L253,L250
L254,L250
L255,L250
L258,L250
L259,L250
L2710,L271
L2718,L271
L2719,L271
L404,L402
L413,L412
L431,L430
L432,L430
L433,L430
L438,L430
L439,L430
L518,L510
L519,L510
L548,L540
L561,L560
L872,L871
L878,L873
L879,L873
L892,L891
L933,L931
L934,L931
L983,L980
M0000,M000
M0001,M000
M0002,M000
M0003,M000
M0004,M000
M0005,M000
M0006,M000
M0007,M000
M0008,M000
M0009,M000
M001,M000
M0010,M000
M0011,M000
M0012,M000
M0013,M000
M0014,M000
M0015,M000
M0016,M000
M0017,M000
M0018,M000
M0019,M000
M002,M000
M0020,M000
M0021,M000
M0022,M000
M0023,M000
M0024,M000
M0025,M000
M0026,M000
M0027,M000
M0028,M000
M0029,M000
M008,M000
M0080,M000
M0081,M000
M0082,M000
M0083,M000
M0084,M000
M0085,M000
M0086,M000
M0087,M000
M0088,M000
M0089,M000
M009,M000
M0090,M000
M0091,M000
M0092,M000
M0093,M000
M0094,M000
M0095,M000
M0096,M000
M0097,M000
M0098,M000
M0099,M000
M0100,M010
M0101,M010
M0102,M010
M0103,M010
M0104,M010
M0105,M010
M0106,M010
M0107,M010
M0108,M010
M0109,M010
M011,M010
M0110,M010
M0111,M010
M0113,M0112
M0114,M0112
M0115,M010
M0116,M010
M0117,M010
M0118,M0112
M0119,M010
M012,M0112
M0120,M0112
M0121,M0112
M0122,M0112
M0123,M0112
M0124,M0112
M0125,M0112
M0126,M0112
M0127,M0112
M0128,M0112
M0129,M0112
M0130,M013
M0131,M013
M0132,M013
M0133,M013
M0134,M013
M0135,M013
M0136,M013
M0137,M013
M0138,M013
M0139,M013
M0140,M014
M0141,M014
M0142,M014
M0143,M014
M0144,M014
M0145,M014
M0146,M014
M0147,M014
M0148,M014
M0149,M014
M015,M014
M0150,M014
M0151,M014
M0152,M014
M0153,M014
M0154,M014
M0155,M014
M0156,M014
M0157,M014
M0158,M014
M0159,M014
M016,M010
M0160,M010
M0161,M010
M0162,M010
M0163,M010
M0164,M010
M0165,M010
M0166,M010
M0167,M010
M0168,M010
M0169,M010
M0180,M018
M0181,M018
M0182,M018
M0183,M018
M0184,M018
M0185,M018
M0186,M018
M0187,M018
M0188,M018
M0189,M018
M0230,M023
M0233,M023
M0234,M023
M0236,M023
M0237,M023
M0239,M023
M0280,M028
M0281,M028
M0282,M028
M0285,M028
M0286,M028
M0287,M028
M0289,M028
M029,M028
M0290,M028
M0291,M028
M0292,M028
M0293,M028
M0294,M028
M0295,M028
M0296,M028
M0297,M028
M0298,M028
M0300,M030
M0301,M030
M0302,M030
M0303,M030
M0304,M030
M0305,M030
M0306,M030
M0307,M030
M0308,M030
M0309,M030
M031,M030
M0310,M030
M0311,M030
M0312,M030
M0313,M030
M0314,M030
M0315,M030
M0316,M030
M0317,M030
M0318,M030
M0319,M030
M032,M030
M0320,M030
M0321,M030
M0322,M030
M0323,M030
M0324,M030
M0325,M030
M0326,M030
M0327,M030
M0328,M030
M0329,M030
M036,M030
M0360,M030
M0361,M030
M0362,M030
M0363,M030
M0364,M030
M0365,M030
M0366,M030
M0367,M030
M0368,M030
M0369,M030
M0500,M050
M0501,M050
M0502,M050
M0503,M050
M0504,M050
M0506,M050
M0507,M050
M0508,M050
M0509,M050
M052,M050
M0520,M050
M0523,M050
M0524,M050
M0526,M050
M0527,M050
M0528,M050
M0529,M050
M058,M050
M0580,M050
M0583,M050
M0584,M050
M0586,M050
M0587,M050
M0588,M050
M0589,M050
M059,M050
M0590,M050
M0591,M050
M0592,M050
M0593,M050
M0594,M050
M0595,M050
M0596,M050
M0597,M050
M0598,M050
M0599,M050
M060,M050
M0600,M050
M0601,M050
M0602,M050
M0603,M050
M0604,M050
M0605,M050
M0606,M050
M0607,M050
M0608,M050
M0609,M050
M0610,M061
M0611,M061
M0613,M061
M0614,M061
M0615,M061
M0616,M061
M0617,M061
M0618,M061
M0619,M061
M0640,M064
M0641,M064
M0642,M064
M0643,M064
M0644,M064
M0645,M064
M0646,M064
M0647,M064
M0648,M064
M0649,M064
M068,M050
M0680,M050
M0681,M050
M0682,M050
M0683,M050
M0684,M050
M0685,M050
M0686,M050
M0687,M050
M0688,M050
M0689,M050
M069,M050
M0690,M050
M0691,M050
M0692,M050
M0693,M050
M0694,M050
M0695,M050
M0696,M050
M0697,M050
M0698,M050
M0699,M050
M0700,M070
M0704,M070
M0707,M070
M0709,M070
M071,M070
M0710,M070
M0711,M070
M0712,M070
M0713,M070
M0714,M070
M0715,M070
M0716,M070
M0717,M070
M0718,M070
M0719,M070
M072,M070
M073,M070
M0730,M070
M0731,M070
M0732,M070
M0733,M070
M0734,M070
M0735,M070
M0736,M070
M0737,M070
M0738,M070
M0739,M070
M0740,M074
M0741,M074
M0742,M074
M0743,M074
M0744,M074
M0745,M074
M0746,M074
M0747,M074
M0748,M074
M0749,M074
M075,M074
M0750,M074
M0751,M074
M0752,M074
M0753,M074
M0754,M074
M0755,M074
M0756,M074
M0757,M074
M0758,M074
M0759,M074
M076,M074
M0760,M074
M0761,M074
M0762,M074
M0763,M074
M0764,M074
M0765,M074
M0766,M074
M0767,M074
M0768,M074
M0769,M074
M0800,M080
M0801,M080
M0802,M080
M0803,M080
M0804,M080
M0805,M080
M0806,M080
M0807,M080
M0808,M080
M0809,M080
M081,M080
M0810,M080
M0811,M080
M0812,M080
M0813,M080
M0814,M080
M0815,M080
M0816,M080
M0817,M080
M0818,M080
M0819,M080
M082,M080
M0820,M080
M0821,M080
M0822,M080
M0823,M080
M0824,M080
M0825,M080
M0826,M080
M0827,M080
M0828,M080
M0829,M080
M083,M080
M084,M080
M0840,M080
M0841,M080
M0842,M080
M0843,M080
M0844,M080
M0845,M080
M0846,M080
M0847,M080
M0848,M080
M0849,M080
M088,M080
M0880,M080
M0881,M080
M0882,M080
M0883,M080
M0884,M080
M0885,M080
M0886,M080
M0887,M080
M0888,M080
M0889,M080
M089,M080
M0890,M080
M0891,M080
M0892,M080
M0893,M080
M0894,M080
M0895,M080
M0896,M080
M0897,M080
M0898,M080
M0899,M080
M0900,M090
M0901,M090
M0902,M090
M0903,M090
M0904,M090
M0905,M090
M0906,M090
M0907,M090
M0908,M090
M0909,M090
M091,M090
M0910,M090
M0911,M090
M0912,M090
M0913,M090
M0914,M090
M0915,M090
M0916,M090
M0917,M090
M0918,M090
M0919,M090
M092,M090
M0920,M090
M0921,M090
M0922,M090
M0923,M090
M0924,M090
M0925,M090
M0926,M090
M0927,M090
M0928,M090
M0929,M090
M098,M090
M0980,M090
M0981,M090
M0982,M090
M0983,M090
M0984,M090
M0985,M090
M0986,M090
M0987,M090
M0988,M090
M0989,M090
M1001,M100
M1002,M100
M1003,M100
M1004,M100
M1005,M100
M1008,M100
M1009,M100
M1010,M101
M1011,M101
M1012,M101
M1013,M101
M1014,M101
M1015,M101
M1016,M101
M1017,M101
M1018,M101
M1019,M101
M102,M101
M1020,M101
M1021,M101
M1022,M101
M1023,M101
M1024,M101
M1025,M101
M1026,M101
M1027,M101
M1028,M101
M1029,M101
M103,M101
M1030,M101
M1031,M101
M1032,M101
M1033,M101
M1034,M101
M1035,M101
M1036,M101
M1037,M101
M1038,M101
M1039,M101
M104,M101
M1040,M101
M1041,M101
M1042,M101
M1043,M101
M1044,M101
M1045,M101
M1046,M101
M1047,M101
M1048,M101
M1049,M101
M1091,M100
M1092,M100
M1093,M100
M1094,M100
M1095,M100
M1098,M100
M1099,M109
M1100,M110
M1101,M110
M1102,M110
M1103,M110
M1104,M110
M1105,M110
M1106,M110
M1107,M110
M1108,M110
M1109,M110
M118,M110
M1180,M110
M1181,M110
M1182,M110
M1183,M110
M1184,M110
M1185,M110
M1186,M110
M1187,M110
M1188,M110
M1189,M110
M2430,M243
M2432,M2431
M2434,M2433
M2435,M243
M2436,M243
M2437,M2431
M2438,M243
M2439,M243
M244,M243
M2440,M243
M2441,M2431
M2442,M2431
M2443,M2433
M2444,M2433
M2446,M2431
M2447,M2431
M2448,M243
M2449,M243
M2501,M2500
M2503,M2500
M2504,M2500
M2505,M2500
M2507,M2500
M2508,M2500
M2509,M250
M2512,M251
M2514,M251
M2515,M251
M2516,M251
M2517,M251
M2519,M251
M301,M300
M302,M300
M303,M300
M308,M300
M316,M315
M317,M310
M318,M310
M319,M310
M331,M330
M332,M330
M339,M330
M342,M341
M348,M341
M351,M350
M353,M350
M354,M350
M364,M361
M368,M360
M4351,M433
M450,M45
M451,M45
M452,M45
M453,M45
M454,M45
M455,M45
M456,M45
M457,M45
M458,M45
M459,M45
M4620,M462
M4621,M462
M4622,M462
M4623,M462
M4624,M462
M4625,M462
M4626,M462
M4627,M462
M4628,M462
M4629,M462
M463,M462
M4630,M462
M4631,M462
M4632,M462
M4633,M462
M4634,M462
M4635,M462
M4636,M462
M4637,M462
M4638,M462
M4639,M462
M465,M462
M4650,M462
M4651,M462
M4652,M462
M4653,M462
M4654,M462
M4655,M462
M4656,M462
M4657,M462
M4658,M462
M4659,M462
M4711,M4710
M4713,M4710
M4714,M4710
M4715,M4710
M4716,M4710
M4717,M4710
M4718,M4710
M4719,M471
M472,M471
M4720,M4710
M4721,M4710
M4723,M4710
M4724,M4710
M4725,M4710
M4726,M4722
M4727,M4710
M4728,M4710
M4729,M471
M4900,M490
M4901,M490
M4902,M490
M4903,M490
M4904,M490
M4905,M490
M4906,M490
M4907,M490
M4908,M490
M4909,M490
M4910,M491
M4911,M491
M4912,M491
M4913,M491
M4914,M491
M4915,M491
M4916,M491
M4917,M491
M4918,M491
M4919,M491
M492,M491
M4920,M491
M4921,M491
M4922,M491
M4923,M491
M4924,M491
M4925,M491
M4926,M491
M4927,M491
M4928,M491
M4929,M491
M493,M491
M4930,M491
M4931,M491
M4932,M491
M4933,M491
M4934,M491
M4935,M491
M4936,M491
M4937,M491
M4938,M491
M4939,M491
M4940,M494
M4941,M494
M4942,M494
M4943,M494
M4944,M494
M4945,M494
M4946,M494
M4947,M494
M4948,M494
M4949,M494
M495,M494
M4950,M494
M4951,M494
M4952,M494
M4953,M494
M4954,M494
M4955,M494
M4956,M494
M4957,M494
M4958,M494
M4959,M494
M498,M494
M4980,M494
M4981,M494
M4982,M494
M4983,M494
M4984,M494
M4985,M494
M4986,M494
M4987,M494
M4988,M494
M4989,M494
M531,M530
M5410,M541
M5411,M541
M5412,M541
M5413,M541
M5414,M541
M5415,M541
M5416,M541
M5417,M541
M5418,M541
M5419,M541
M6001,M6000
M6002,M6000
M6003,M6000
M6004,M6000
M6005,M6000
M6006,M600
M6007,M6000
M6009,M600
M6220,M622
M6221,M622
M6222,M622
M6223,M622
M6224,M622
M6225,M622
M6226,M622
M6227,M622
M6228,M622
M6229,M622
M6300,M630
M6301,M630
M6302,M630
M6303,M630
M6304,M630
M6305,M630
M6306,M630
M6307,M630
M6308,M630
M6309,M630
M631,M630
M6310,M630
M6311,M630
M6312,M630
M6313,M630
M6314,M630
M6315,M630
M6316,M630
M6317,M630
M6318,M630
M6319,M630
M632,M630
M6320,M630
M6321,M630
M6322,M630
M6323,M630
M6324,M630
M6325,M630
M6326,M630
M6327,M630
M6328,M630
M6329,M630
M6500,M650
M6501,M650
M6502,M650
M6503,M650
M6504,M650
M6505,M650
M6506,M650
M6507,M650
M6508,M650
M6509,M650
M651,M650
M6510,M650
M6511,M650
M6512,M650
M6513,M650
M6514,M650
M6515,M650
M6516,M650
M6517,M650
M6518,M650
M6519,M650
M6800,M680
M6801,M680
M6802,M680
M6803,M680
M6804,M680
M6805,M680
M6806,M680
M6807,M680
M6808,M680
M6809,M680
M7100,M710
M7101,M710
M7102,M710
M7103,M710
M7104,M710
M7105,M710
M7106,M710
M7107,M710
M7108,M710
M7109,M710
M711,M710
M7110,M710
M7111,M710
M7112,M710
M7113,M710
M7114,M710
M7115,M710
M7116,M710
M7117,M710
M7118,M710
M7119,M710
M7262,M7261
M7263,M7261
M7265,M7260
M7268,M7261
M7269,M726
M751,M750
M752,M750
M753,M750
M754,M750
M766,M764
M8000,M800
M8001,M800
M8002,M800
M8003,M800
M8004,M800
M8005,M800
M8006,M800
M8007,M800
M8008,M800
M8009,M800
M801,M800
M8010,M800
M8011,M800
M8012,M800
M8013,M800
M8014,M800
M8015,M800
M8016,M800
M8017,M800
M8018,M800
M8019,M800
M802,M800
M8020,M800
M8021,M800
M8022,M800
M8023,M800
M8024,M800
M8025,M800
M8026,M800
M8027,M800
M8028,M800
M8029,M800
M803,M800
M8030,M800
M8031,M800
M8032,M800
M8033,M800
M8034,M800
M8035,M800
M8036,M800
M8037,M800
M8038,M800
M8039,M800
M804,M800
M8040,M800
M8041,M800
M8042,M800
M8043,M800
M8044,M800
M8045,M800
M8046,M800
M8047,M800
M8048,M800
M8049,M800
M805,M800
M8050,M800
M8051,M800
M8052,M800
M8053,M800
M8054,M800
M8055,M800
M8056,M800
M8057,M800
M8058,M800
M8059,M800
M808,M800
M8080,M800
M8081,M800
M8082,M800
M8083,M800
M8084,M800
M8085,M800
M8086,M800
M8087,M800
M8088,M800
M8089,M800
M809,M800
M8090,M800
M8091,M800
M8092,M800
M8093,M800
M8094,M800
M8095,M800
M8096,M800
M8097,M800
M8098,M800
M8099,M800
M8400,M840
M8401,M840
M8402,M840
M8403,M840
M8404,M840
M8405,M840
M8406,M840
M8407,M840
M8408,M840
M8409,M840
M841,M840
M8410,M840
M8411,M840
M8412,M840
M8413,M840
M8414,M840
M8415,M840
M8416,M840
M8417,M840
M8418,M840
M8419,M840
M842,M840
M8420,M840
M8421,M840
M8422,M840
M8423,M840
M8424,M840
M8425,M840
M8426,M840
M8427,M840
M8428,M840
M8429,M840
M8430,M843
M8431,M843
M8432,M843
M8433,M843
M8435,M843
M8436,M843
M8437,M843
M8438,M843
M8439,M843
M844,M843
M8440,M843
M8441,M843
M8442,M843
M8443,M843
M8444,M843
M8445,M843
M8446,M843
M8447,M843
M8448,M843
M8449,M843
M8600,M860
M8601,M860
M8602,M860
M8603,M860
M8604,M860
M8605,M860
M8606,M860
M8607,M860
M8608,M860
M8609,M860
M861,M860
M8610,M860
M8611,M860
M8612,M860
M8613,M860
M8614,M860
M8615,M860
M8616,M860
M8617,M860
M8618,M860
M8619,M860
M862,M860
M8620,M860
M8621,M860
M8622,M860
M8623,M860
M8624,M860
M8625,M860
M8626,M860
M8627,M860
M8628,M860
M8629,M860
M863,M860
M8630,M860
M8631,M860
M8632,M860
M8633,M860
M8634,M860
M8635,M860
M8636,M860
M8637,M860
M8638,M860
M8639,M860
M864,M860
M8640,M860
M8641,M860
M8642,M860
M8643,M860
M8644,M860
M8645,M860
M8646,M860
M8647,M860
M8648,M860
M8649,M860
M865,M860
M8650,M860
M8652,M860
M8653,M860
M8654,M860
M8655,M860
M8656,M860
M8657,M860
M8658,M860
M8659,M860
M8660,M860
M8661,M860
M8662,M860
M8663,M860
M8664,M860
M8668,M860
M8669,M866
M868,M866
M8680,M860
M8681,M860
M8682,M860
M8683,M860
M8684,M860
M8685,M860
M8686,M860
M8687,M860
M8688,M860
M8689,M866
M869,M866
M8690,M860
M8691,M860
M8692,M860
M8693,M860
M8694,M860
M8695,M860
M8696,M860
M8697,M860
M8698,M860
M8699,M866
M8701,M8700
M8702,M8700
M8703,M8700
M8704,M8700
M8705,M8700
M8706,M8700
M8707,M8700
M8708,M8700
M8709,M870
M871,M870
M8710,M8700
M8711,M8700
M8712,M8700
M8713,M8700
M8714,M8700
M8715,M8700
M8716,M8700
M8717,M8700
M8718,M8700
M8719,M870
M872,M870
M8720,M8700
M8721,M8700
M8722,M8700
M8723,M8700
M8724,M8700
M8725,M8700
M8726,M8700
M8727,M8700
M8728,M8700
M8729,M870
M873,M870
M8730,M8700
M8731,M8700
M8732,M8700
M8733,M8700
M8734,M8700
M8735,M8700
M8736,M8700
M8737,M8700
M8738,M8700
M8739,M870
M878,M870
M8780,M8700
M8781,M8700
M8782,M8700
M8783,M8700
M8784,M8700
M8785,M8700
M8786,M8700
M8787,M8700
M8788,M8700
M8789,M870
M879,M870
M8790,M8700
M8791,M8700
M8792,M8700
M8793,M8700
M8794,M8700
M8795,M870
M8796,M8700
M8797,M8700
M8798,M8700
M8799,M870
M890,G905
M8900,G905
M8901,G905
M8902,G905
M8903,G905
M8904,G905
M8906,G905
M8908,G905
M8909,G905
M9000,M900
M9001,M900
M9002,M900
M9003,M900
M9004,M900
M9005,M900
M9006,M900
M9007,M900
M9008,M900
M9009,M900
M9020,M902
M9021,M902
M9022,M902
M9023,M902
M9024,M902
M9025,M902
M9026,M902
M9027,M902
M9028,M902
M9029,M902
M9040,M904
M9041,M904
M9042,M904
M9043,M904
M9044,M904
M9045,M904
M9046,M904
M9047,M904
M9048,M904
M9049,M904
M905,M904
M9050,M904
M9051,M904
M9052,M904
M9053,M904
M9054,M904
M9055,M904
M9056,M904
M9057,M904
M9058,M904
M9059,M904
M906,M904
M9060,M904
M9061,M904
M9062,M904
M9063,M904
M9064,M904
M9065,M904
M9066,M904
M9067,M904
M9068,M904
M9069,M904
M9070,M907
M9071,M907
M9072,M907
M9073,M907
M9074,M907
M9075,M907
M9076,M907
M9077,M907
M9078,M907
M9079,M907
N0000,N000
N0001,N000
N0002,N000
N0008,N000
N0009,N000
N001,N000
N0010,N000
N0011,N000
N0012,N000
N0018,N000
N0019,N000
N002,N000
N0020,N000
N0021,N000
N0022,N000
N0028,N000
N0029,N000
N003,N000
N0030,N000
N0031,N000
N0032,N000
N0038,N000
N0039,N000
N004,N000
N0040,N000
N0041,N000
N0042,N000
N0048,N000
N0049,N000
N005,N000
N0050,N000
N0051,N000
N0052,N000
N0058,N000
N0059,N000
N006,N000
N0060,N000
N0061,N000
N0062,N000
N0068,N000
N0069,N000
N007,N000
N0070,N000
N0071,N000
N0072,N000
N0078,N000
N0079,N000
N008,N000
N0080,N000
N0081,N000
N0082,N000
N0088,N000
N0089,N000
N009,N000
N0090,N000
N0091,N000
N0092,N000
N0098,N000
N0099,N000
N0100,N010
N0101,N010
N0102,N010
N0108,N010
N0109,N010
N011,N010
N0110,N010
N0111,N010
N0112,N010
N0118,N010
N0119,N010
N012,N010
N0120,N010
N0121,N010
N0122,N010
N0128,N010
N0129,N010
N013,N010
N0130,N010
N0131,N010
N0132,N010
N0138,N010
N0139,N010
N014,N010
N0140,N010
N0141,N010
N0142,N010
N0148,N010
N0149,N010
N015,N010
N0150,N010
N0151,N010
N0152,N010
N0158,N010
N0159,N010
N016,N010
N0160,N010
N0161,N010
N0162,N010
N0168,N010
N0169,N010
N017,N010
N0170,N010
N0171,N010
N0172,N010
N0178,N010
N0179,N010
N018,N010
N0180,N010
N0181,N010
N0182,N010
N0188,N010
N0189,N010
N019,N010
N0190,N010
N0191,N010
N0192,N010
N0198,N010
N0199,N010
N0200,N020
N0201,N020
N0202,N020
N0208,N020
N0209,N020
N021,N020
N0210,N020
N0211,N020
N0212,N020
N0218,N020
N0219,N020
N022,N020
N0220,N020
N0221,N020
N0222,N020
N0228,N020
N0229,N020
N0230,N023
N0231,N023
N0232,N023
N0238,N023
N0239,N023
N024,N023
N0240,N023
N0241,N023
N0242,N023
N0248,N023
N0249,N023
N025,N023
N0250,N023
N0251,N023
N0252,N023
N0258,N023
N0259,N023
N026,N020
N0260,N020
N0261,N020
N0262,N020
N0268,N020
N0269,N020
N027,N023
N0270,N023
N0271,N023
N0272,N023
N0278,N023
N0279,N023
N028,N020
N0280,N020
N0281,N020
N0282,N020
N0288,N020
N0289,N020
N0300,N030
N0301,N030
N0302,N030
N0308,N030
N0309,N030
N031,N030
N0310,N030
N0311,N030
N0312,N030
N0318,N030
N0319,N030
N032,N030
N0320,N030
N0321,N030
N0322,N030
N0328,N030
N0329,N030
N0330,N033
N0331,N033
N0332,N033
N0338,N033
N0339,N033
N0340,N034
N0341,N034
N0342,N034
N0348,N034
N0349,N034
N035,N033
N0350,N033
N0351,N033
N0352,N033
N0358,N033
N0359,N033
N036,N030
N0360,N030
N0361,N030
N0362,N030
N0368,N030
N0369,N030
N037,N033
N0370,N033
N0371,N033
N0372,N033
N0378,N033
N0379,N033
N038,N030
N0380,N030
N0381,N030
N0382,N030
N0388,N030
N0389,N030
N0400,N040
N0401,N040
N0402,N040
N0408,N040
N0409,N040
N0410,N041
N0411,N041
N0412,N041
N0418,N041
N0419,N041
N042,N040
N0420,N040
N0421,N040
N0422,N040
N0428,N040
N0429,N040
N0430,N043
N0431,N043
N0432,N043
N0438,N043
N0439,N043
N044,N043
N0440,N043
N0441,N043
N0442,N043
N0448,N043
N0449,N043
N045,N043
N0450,N043
N0451,N043
N0452,N043
N0458,N043
N0459,N043
N046,N040
N0460,N040
N0461,N040
N0462,N040
N0468,N040
N0469,N040
N047,N043
N0470,N043
N0471,N043
N0472,N043
N0478,N043
N0479,N043
N048,N040
N0480,N040
N0481,N040
N0482,N040
N0488,N040
N0489,N040
N0490,N049
N0491,N049
N0492,N049
N0498,N049
N0499,N049
N0500,N050
N0501,N050
N0502,N050
N0508,N050
N0509,N050
N051,N050
N0510,N050
N0511,N050
N0512,N050
N0518,N050
N0519,N050
N052,N050
N0520,N050
N0521,N050
N0522,N050
N0528,N050
N0529,N050
N0530,N053
N0531,N053
N0532,N053
N0538,N053
N0539,N053
N054,N053
N0540,N053
N0541,N053
N0542,N053
N0548,N053
N0549,N053
N055,N053
N0550,N053
N0551,N053
N0552,N053
N0558,N053
N0559,N053
N056,N050
N0560,N050
N0561,N050
N0562,N050
N0568,N050
N0569,N050
N057,N053
N0570,N053
N0571,N053
N0572,N053
N0578,N053
N0579,N053
N058,N050
N0580,N050
N0581,N050
N0582,N050
N0588,N050
N0589,N050
N0600,N060
N0601,N060
N0602,N060
N0608,N060
N0609,N060
N0610,N061
N0611,N061
N0612,N061
N0618,N061
N0619,N061
N0620,N062
N0621,N062
N0622,N062
N0628,N062
N0629,N062
N063,N049
N0630,N049
N0631,N049
N0632,N049
N0638,N049
N0639,N049
N064,N049
N0640,N049
N0641,N049
N0642,N049
N0648,N049
N0649,N049
N0650,N065
N0651,N065
N0652,N065
N0658,N065
N0659,N065
N066,N065
N0660,N065
N0661,N065
N0662,N065
N0668,N065
N0669,N065
N067,N065
N0670,N065
N0671,N065
N0672,N065
N0678,N065
N0679,N065
N068,N061
N0680,N061
N0681,N061
N0682,N061
N0688,N061
N0689,N061
N0700,N070
N0701,N070
N0702,N070
N0708,N070
N0709,N070
N0710,N071
N0711,N071
N0712,N071
N0718,N071
N0719,N071
N0720,N072
N0721,N072
N0722,N072
N0728,N072
N0729,N072
N073,N072
N0730,N072
N0731,N072
N0732,N072
N0738,N072
N0739,N072
N074,N071
N0740,N071
N0741,N071
N0742,N071
N0748,N071
N0749,N071
N075,N072
N0750,N072
N0751,N072
N0752,N072
N0758,N072
N0759,N072
N076,N072
N0760,N072
N0761,N072
N0762,N072
N0768,N072
N0769,N072
N077,N071
N0770,N071
N0771,N071
N0772,N071
N0778,N071
N0779,N071
N078,N072
N0780,N072
N0781,N072
N0782,N072
N0788,N072
N0789,N072
N081,N080
N082,N080
N083,N080
N084,N080
N085,N080
N088,N080
N111,N110
N118,N110
N119,N110
N172,N171
N178,N171
N251,N250
N303,N301
N311,N310
N312,N310
N318,N310
N322,N321
N324,N321
N351,N350
N358,N350
N359,N350
N361,N360
N362,N360
N412,N411
N413,N411
N421,N420
N423,N420
N643,N641
N702,N700
N733,N730
N821,N820
N824,N822
N857,N855
N995,N990
O002,O000
O008,O000
O009,O000
O011,O010
O019,O010
O031,O030
O032,O030
O035,O030
O036,O030
O037,O030
O041,O040
O042,O040
O045,O040
O046,O040
O047,O040
O050,O040
O051,O040
O052,O040
O055,O040
O056,O040
O057,O040
O061,O060
O062,O060
O065,O060
O066,O060
O067,O060
O070,O060
O071,O060
O072,O060
O075,O060
O076,O060
O077,O060
O082,O080
O083,O080
O084,O080
O086,O080
O087,O080
O101,O100
O102,O100
O103,O100
O104,O100
O109,O100
O151,O150
O152,O150
O159,O150
O212,O211
O225,O223
O232,O231
O233,O231
O234,O231
O235,O231
O241,O240
O242,O240
O243,O240
O244,O240
O266,O264
O291,O290
O292,O290
O293,O290
O294,O290
O301,O300
O302,O300
O308,O300
O458,O450
O468,O460
O622,O621
O624,O621
O678,O670
O679,O670
O683,O682
O688,O682
O689,O682
O691,O690
O692,O690
O693,O690
O694,O690
O695,O690
O698,O690
O699,O690
O703,O702
O709,O702
O711,O710
O712,O710
O714,O713
O715,O713
O716,O713
O718,O713
O721,O720
O723,O722
O731,O730
O741,O740
O742,O740
O743,O740
O744,O740
O745,O740
O863,O862
O864,O862
O873,O871
O881,O880
O882,O880
O883,O880
O888,O880
O891,O890
O892,O890
O893,O890
O894,O890
O904,O903
P051,P050
P052,P050
P059,P050
P073,P072
P081,P080
P082,P080
P101,P100
P102,P100
P103,P100
P104,P100
P108,P100
P110,P100
P111,P100
P112,P100
P113,P100
P115,P100
P131,P130
P132,P130
P133,P130
P134,P130
P138,P130
P141,P140
P142,P140
P143,P140
P150,P122
P151,P122
P152,P122
P153,P122
P154,P122
P155,P122
P158,P122
P231,P230
P232,P230
P233,P230
P234,P230
P235,P230
P238,P230
P241,P240
P243,P240
P251,P250
P252,P250
P253,P250
P261,P260
P268,P260
P271,P270
P288,P282
P293,P292
P294,P292
P351,P350
P352,P350
P353,P350
P354,P350
P358,P350
P361,P360
P362,P360
P363,P360
P364,P360
P365,P360
P371,P370
P372,P370
P373,P370
P374,P370
P375,P370
P378,P370
P398,P390
P501,P500
P502,P500
P503,P500
P504,P500
P505,P500
P508,P500
P510,P500
P518,P500
P521,P520
P522,P520
P524,P520
P525,P520
P526,P520
P528,P520
P53,P500
P541,P540
P542,P540
P544,P540
P558,P551
P559,P550
P569,P560
P578,P570
P579,P570
P584,P580
P588,P580
P592,P591
P615,P614
P616,P614
P712,P711
P714,P711
P718,P711
P719,P711
P721,P720
P722,P720
P728,P720
P742,P740
P743,P740
P745,P744
P748,P744
P768,P760
P781,P780
P788,P780
P808,P800
P832,P800
P911,P910
P912,P910
P915,P910
P916,P910
P917,P910
P918,P910
P941,P940
P942,P940
P961,P960
P962,P960
Q001,Q000
Q002,Q000
Q011,Q010
Q012,Q010
Q018,Q010
Q019,Q010
Q031,Q030
Q038,Q030
Q041,Q040
Q042,Q040
Q043,Q040
Q044,Q040
Q045,Q040
Q046,Q040
Q048,Q040
Q049,Q040
Q051,Q050
Q052,Q050
Q053,Q050
Q054,Q050
Q055,Q050
Q056,Q050
Q057,Q050
Q058,Q050
Q059,Q050
Q062,Q061
Q063,Q060
Q064,Q061
Q068,Q061
Q069,Q061
Q078,Q070
Q079,Q070
Q202,Q200
Q203,Q200
Q205,Q200
Q206,Q200
Q208,Q200
Q209,Q200
Q214,Q212
Q224,Q222
Q225,Q222
Q226,Q222
Q228,Q222
Q229,Q222
Q231,Q230
Q232,Q230
Q233,Q230
Q234,Q230
Q243,Q242
Q244,Q242
Q245,Q242
Q246,Q242
Q253,Q252
Q254,Q252
Q257,Q252
Q259,Q258
Q261,Q260
Q262,Q260
Q263,Q260
Q264,Q260
Q266,Q260
Q268,Q260
Q269,Q260
Q281,Q280
Q282,Q280
Q283,Q280
Q301,Q300
Q311,Q310
Q312,Q310
Q313,Q310
Q315,Q310
Q318,Q310
Q319,Q310
Q321,Q320
Q322,Q320
Q323,Q320
Q324,Q320
Q331,Q330
Q332,Q330
Q333,Q330
Q336,Q330
Q338,Q330
Q339,Q330
Q341,Q340
Q348,Q340
Q353,Q351
Q355,Q351
Q359,Q351
Q371,Q370
Q372,Q370
Q373,Q370
Q374,Q370
Q375,Q370
Q378,Q370
Q391,Q390
Q392,Q390
Q393,Q390
Q394,Q390
Q395,Q390
Q396,Q390
Q398,Q390
Q399,Q390
Q401,Q400
Q402,Q400
Q403,Q400
Q404,Q400
Q408,Q400
Q409,Q400
Q4100,Q410
Q4108,Q410
Q4109,Q410
Q411,Q410
Q412,Q410
Q418,Q410
Q419,Q410
Q421,Q420
Q422,Q420
Q428,Q420
Q429,Q420
Q434,Q432
Q436,Q432
Q443,Q442
Q444,Q440
Q445,Q442
Q446,Q440
Q447,Q440
Q4470,Q440
Q4471,Q440
Q4478,Q440
Q601,Q600
Q602,Q600
Q603,Q600
Q604,Q600
Q605,Q600
Q606,Q600
Q612,Q611
Q613,Q611
Q614,Q610
Q615,Q610
Q618,Q610
Q619,Q610
Q621,Q620
Q622,Q620
Q623,Q620
Q624,Q620
Q625,Q620
Q626,Q620
Q627,Q620
Q642,Q641
Q643,Q641
Q644,Q641
Q646,Q641
Q647,Q641
Q793,Q792
Q794,Q792
Q795,Q792
Q811,Q810
Q812,Q810
Q818,Q810
Q819,Q810
Q851,Q850
Q8580,Q858
Q8581,Q858
Q8588,Q858
Q859,Q858
Q861,Q860
Q862,Q860
Q868,Q860
Q901,Q900
Q902,Q900
Q911,Q910
Q912,Q910
Q913,Q910
Q914,Q910
Q915,Q910
Q916,Q910
Q917,Q910
Q933,Q932
Q934,Q932
Q935,Q932
Q936,Q932
Q938,Q932
Q939,Q932
R049,R042
S0140,S014
S0141,S014
S0147,S014
S0150,S015
S0151,S015
S0157,S015
S0200,S020
S0201,S020
S021,S020
S0210,S020
S0211,S020
S0220,S022
S0221,S022
S0230,S023
S024,S023
S0240,S023
S02400,S023
S02401,S023
S02402,S023
S02407,S023
S0241,S0231
S02410,S0231
S02411,S0231
S02412,S0231
S02417,S0231
S0250,S025
S02500,S025
S02501,S025
S02502,S025
S02503,S025
S02504,S025
S02507,S025
S02509,S025
S0251,S025
S02510,S025
S02511,S025
S02512,S025
S02513,S025
S02514,S025
S02517,S025
S02519,S025
S026,S025
S0260,S025
S02600,S025
S02601,S025
S02602,S025
S02603,S025
S02604,S025
S02605,S025
S02606,S025
S02607,S025
S02609,S025
S0261,S025
S02610,S025
S02611,S025
S02612,S025
S02613,S025
S02614,S025
S02615,S025
S02616,S025
S02617,S025
S02619,S025
S027,S023
S0270,S023
S0271,S0231
S028,S023
S0280,S023
S0281,S0231
S0290,S029
S0291,S029
S031,S030
S035,S034
S041,S040
S042,S040
S043,S040
S044,S040
S045,S040
S047,S040
S048,S040
S0480,S040
S0482,S040
S049,S040
S053,S052
S054,S052
S056,S052
S057,S052
S0600,S060
S0610,S061
S0611,S0601
S062,S061
S0620,S061
S0621,S0601
S063,S061
S0630,S061
S0631,S0601
S0640,S064
S065,S0641
S0650,S0641
S0651,S0641
S066,S0641
S0660,S0641
S0661,S0641
S067,S0641
S0670,S0641
S0671,S0641
S068,S0641
S0680,S0641
S0681,S0641
S0690,S069
S0691,S069
S071,S070
S078,S070
S079,S070
S089,S088
S098,S090
S111,S110
S112,S110
S117,S110
S118,S110
S119,S110
S1200,S120
S121,S120
S1210,S120
S1211,S1201
S122,S120
S1220,S120
S12200,S120
S12201,S120
S12202,S120
S12203,S120
S12204,S120
S12208,S120
S1221,S1201
S12210,S1201
S12211,S1201
S12212,S1201
S12213,S1201
S12214,S1201
S12218,S1201
S127,S120
S1270,S120
S1271,S1201
S128,S120
S1280,S120
S1281,S1201
S1310,S130
S1311,S130
S1312,S130
S1313,S130
S1314,S130
S1315,S130
S1316,S130
S1318,S130
S133,S130
S136,S134
S141,S140
S145,S144
S151,S150
S152,S150
S153,S150
S157,S150
S158,S150
S178,S170
S179,S170
S198,S197
S211,S210
S212,S210
S217,S210
S218,S210
S2200,S220
S22000,S220
S22001,S220
S22002,S220
S22003,S220
S22004,S220
S22005,S220
S22009,S220
S2201,S220
S22010,S220
S22011,S220
S22012,S220
S22013,S220
S22014,S220
S22015,S220
S22019,S220
S221,S220
S2210,S220
S22100,S220
S22101,S220
S22102,S220
S22108,S220
S22109,S220
S2211,S220
S22110,S220
S22111,S220
S22112,S220
S22118,S220
S22119,S220
S2220,S222
S2221,S222
S223,S222
S2230,S222
S2231,S222
S224,S222
S2240,S222
S2241,S222
S2250,S225
S2251,S225
S228,S222
S2280,S222
S2281,S222
S229,S222
S2290,S222
S2291,S222
S231,S230
S233,S230
S235,S230
S241,S240
S243,S242
S244,S242
S245,S242
S251,S250
S252,S250
S253,S250
S254,S250
S255,S250
S257,S250
S258,S250
S2600,S260
S2601,S260
S268,S260
S2680,S260
S2681,S260
S269,S260
S2690,S260
S2691,S260
S2700,S270
S2701,S270
S271,S270
S2710,S270
S2711,S270
S272,S270
S2720,S270
S2721,S270
S2730,S273
S274,S273
S2740,S273
S2741,S2731
S275,S273
S2750,S273
S2751,S2731
S276,S273
S2760,S273
S2761,S2731
S277,S273
S2770,S273
S2771,S2731
S278,S273
S2780,S273
S2781,S2731
S279,S273
S2790,S273
S2791,S2731
S281,S280
S298,S297
S311,S310
S317,S310
S3200,S320
S32000,S320
S32001,S320
S32002,S320
S32003,S320
S32004,S320
S32005,S320
S32009,S320
S3201,S320
S32010,S320
S32011,S320
S32012,S320
S32013,S320
S32014,S320
S32015,S320
S32019,S320
S321,S320
S3210,S320
S3211,S320
S322,S320
S3220,S320
S3221,S320
S3230,S323
S3231,S323
S324,S323
S3240,S323
S3241,S323
S325,S323
S3250,S323
S3251,S323
S32600,S323
S32601,S323
S32602,S323
S32608,S323
S32609,S323
S32610,S323
S32611,S323
S32612,S323
S32618,S323
S32619,S323
S327,S323
S3270,S323
S3271,S323
S3280,S328
S3281,S328
S331,S330
S332,S330
S333,S330
S334,S330
S335,S330
S336,S330
S337,S330
S341,S340
S343,S340
S344,S342
S345,S342
S346,S342
S351,S350
S352,S350
S353,S350
S354,S350
S355,S350
S357,S350
S358,S350
S3600,S360
S3610,S361
S3611,S3601
S3620,S362
S3621,S3601
S3630,S363
S3631,S3601
S364,S363
S3640,S363
S3641,S3601
S365,S363
S3650,S363
S3651,S3601
S366,S363
S3660,S363
S3661,S3601
S3670,S367
S3671,S3601
S368,S367
S3680,S367
S3681,S3601
S3700,S370
S371,S370
S3710,S370
S3711,S3701
S3720,S372
S3721,S3701
S3730,S373
S374,S372
S3740,S372
S3741,S3701
S375,S372
S3750,S372
S3751,S3701
S376,S372
S3760,S372
S3761,S3701
S377,S372
S3770,S372
S3771,S3701
S378,S372
S3780,S372
S3781,S3701
S381,S380
S382,S380
S383,S380
S397,S396
S398,S396
S417,S411
S42010,S4201
S42011,S4201
S42012,S4201
S42017,S4201
S42019,S4201
S4210,S421
S42100,S421
S42101,S421
S42102,S421
S42103,S421
S42107,S421
S42109,S421
S4211,S421
S42110,S421
S42111,S421
S42112,S421
S42113,S421
S42117,S421
S42119,S421
S422,S421
S4220,S421
S42200,S421
S42201,S421
S42202,S421
S42203,S421
S42204,S421
S42205,S421
S42208,S421
S42209,S421
S4221,S421
S42210,S421
S42211,S421
S42212,S421
S42213,S421
S42214,S421
S42215,S421
S42218,S421
S42219,S421
S423,S421
S4230,S421
S42300,S421
S42301,S421
S42302,S421
S42307,S421
S42309,S421
S4231,S421
S42310,S421
S42311,S421
S42312,S421
S42317,S421
S42319,S421
S424,S421
S4240,S421
S42400,S421
S42401,S421
S42402,S421
S42403,S421
S42404,S421
S42405,S421
S42406,S421
S42407,S421
S42408,S421
S42409,S421
S4241,S421
S42410,S421
S42411,S421
S42412,S421
S42413,S421
S42414,S421
S42415,S421
S42416,S421
S42417,S421
S42418,S421
S42419,S421
S427,S421
S4270,S421
S4271,S421
S428,S421
S4280,S421
S4281,S421
S429,S4201
S4290,S4201
S4291,S4201
S4300,S430
S4301,S430
S4302,S430
S4308,S430
S4309,S430
S432,S431
S433,S431
S435,S434
S436,S434
S437,S434
S441,S440
S442,S440
S443,S440
S444,S440
S445,S440
S447,S440
S448,S440
S451,S450
S452,S450
S453,S450
S457,S450
S458,S450
S459,S450
S462,S461
S463,S461
S467,S461
S468,S461
S481,S480
S489,S480
S498,S497
S517,S510
S518,S511
S5200,S520
S52000,S520
S52001,S520
S52002,S520
S52003,S520
S52007,S520
S52008,S520
S52009,S520
S5201,S520
S52010,S520
S52011,S520
S52012,S520
S52013,S520
S52017,S520
S52018,S520
S52019,S520
S521,S520
S5210,S520
S52100,S520
S52101,S520
S52102,S520
S52107,S520
S52108,S520
S52109,S520
S5211,S520
S52110,S520
S52111,S520
S52112,S520
S52117,S520
S52118,S520
S52119,S520
S522,S520
S5220,S520
S52200,S520
S52201,S520
S52202,S520
S52203,S520
S52207,S520
S52209,S520
S5221,S520
S52210,S520
S52211,S520
S52212,S520
S52213,S520
S52217,S520
S52219,S520
S523,S520
S5230,S520
S52300,S520
S52301,S520
S52302,S520
S52303,S520
S52307,S520
S52309,S520
S5231,S520
S52310,S520
S52311,S520
S52312,S520
S52313,S520
S52317,S520
S52319,S520
S524,S520
S5240,S520
S5241,S520
S525,S520
S5250,S520
S52500,S520
S52501,S520
S52502,S520
S52503,S520
S52504,S520
S52507,S520
S52508,S520
S52509,S520
S5251,S520
S52510,S520
S52511,S520
S52512,S520
S52513,S520
S52514,S520
S52517,S520
S52518,S520
S52519,S520
S5260,S526
S527,S5261
S5270,S5261
S52700,S5261
S52708,S5261
S52709,S5261
S5271,S5261
S52710,S5261
S52718,S5261
S52719,S5261
S5280,S528
S5281,S528
S529,S520
S5290,S520
S5291,S520
S5300,S530
S5301,S530
S5302,S530
S531,S530
S5310,S530
S5311,S530
S5312,S530
S5313,S530
S5314,S530
S5315,S530
S5318,S530
S5319,S530
S533,S532
S541,S540
S542,S540
S543,S540
S547,S540
S548,S540
S549,S540
S551,S550
S552,S550
S557,S550
S558,S550
S567,S560
S578,S570
S581,S580
S589,S580
S598,S597
S6200,S620
S6201,S620
S621,S620
S6210,S620
S62100,S620
S62101,S620
S62102,S620
S62103,S620
S62104,S620
S62105,S620
S62106,S620
S62107,S620
S62109,S620
S6211,S620
S62110,S620
S62111,S620
S62112,S620
S62113,S620
S62114,S620
S62115,S620
S62116,S620
S62117,S620
S62119,S620
S6220,S622
S6221,S622
S623,S622
S6230,S622
S6231,S622
S624,S622
S6240,S622
S6241,S622
S6250,S625
S6251,S625
S626,S625
S6260,S625
S6261,S625
S627,S622
S6270,S622
S628,S625
S6280,S625
S6281,S625
S6300,S630
S6301,S630
S6302,S630
S6303,S630
S6308,S630
S6309,S630
S631,S630
S6310,S630
S6311,S630
S6319,S630
S632,S630
S633,S630
S634,S630
S635,S630
S636,S630
S637,S630
S641,S640
S642,S640
S643,S640
S647,S640
S648,S640
S649,S640
S651,S650
S652,S650
S653,S650
S654,S650
S655,S650
S657,S650
S658,S650
S663,S662
S664,S660
S665,S660
S666,S661
S667,S661
S669,S662
S678,S670
S683,S680
S684,S680
S688,S680
S689,S681
S698,S697
S717,S710
S7200,S720
S72000,S720
S72001,S720
S72002,S720
S72003,S720
S72004,S720
S72005,S720
S72006,S720
S72007,S720
S72008,S720
S72009,S720
S7201,S720
S72010,S720
S72011,S720
S72012,S720
S72013,S720
S72014,S720
S72015,S720
S72016,S720
S72017,S720
S72018,S720
S72019,S720
S721,S720
S7210,S720
S72100,S720
S72101,S720
S72108,S720
S72109,S720
S7211,S720
S72110,S720
S72111,S720
S72118,S720
S72119,S720
S7220,S722
S7221,S722
S723,S722
S7230,S722
S72300,S722
S72301,S722
S72302,S722
S72307,S722
S72309,S722
S7231,S722
S72310,S722
S72311,S722
S72312,S722
S72317,S722
S72319,S722
S724,S722
S7240,S722
S72400,S722
S72401,S722
S72402,S722
S72403,S722
S72404,S722
S72405,S722
S72406,S722
S72407,S722
S72408,S722
S72409,S722
S7241,S722
S72410,S722
S72411,S722
S72412,S722
S72413,S722
S72414,S722
S72415,S722
S72416,S722
S72417,S722
S72418,S722
S72419,S722
S727,S722
S7270,S722
S7271,S722
S7280,S728
S7281,S728
S729,S728
S7290,S728
S7291,S728
S7300,S730
S7301,S730
S7303,S730
S7304,S730
S7305,S730
S7308,S730
S7309,S730
S741,S740
S742,S740
S747,S740
S748,S740
S751,S750
S752,S750
S757,S750
S758,S750
S761,S760
S762,S760
S763,S760
S764,S760
S767,S760
S771,S770
S772,S770
S781,S780
S789,S780
S798,S797
S818,S811
S8200,S820
S8201,S820
S8210,S821
S82100,S821
S82101,S821
S82102,S821
S82103,S821
S82104,S821
S82105,S821
S82106,S821
S82107,S821
S82108,S821
S82109,S821
S82110,S8211
S82111,S8211
S82112,S8211
S82113,S8211
S82114,S8211
S82115,S8211
S82116,S8211
S82117,S8211
S82118,S8211
S82119,S8211
S8220,S822
S82200,S822
S82201,S822
S82202,S822
S82207,S822
S82208,S822
S82209,S822
S8221,S822
S82210,S822
S82211,S822
S82212,S822
S82217,S822
S82218,S822
S82219,S822
S823,S822
S8230,S822
S82300,S822
S82301,S822
S82302,S822
S82303,S822
S82307,S822
S82308,S822
S82309,S822
S8231,S822
S82310,S822
S82311,S822
S82312,S822
S82313,S822
S82317,S822
S82318,S822
S82319,S822
S8240,S824
S8241,S824
S825,S824
S8250,S824
S8251,S820
S826,S824
S8260,S824
S8261,S820
S827,S822
S8270,S822
S828,S822
S8280,S822
S8290,S829
S8291,S829
S832,S830
S833,S830
S835,S834
S8350,S830
S8351,S830
S8359,S830
S837,S834
S841,S840
S842,S840
S847,S840
S848,S840
S851,S850
S852,S850
S853,S850
S854,S850
S855,S850
S857,S850
S858,S850
S859,S850
S861,S860
S862,S860
S863,S860
S867,S860
S868,S860
S878,S870
S879,S870
S881,S880
S889,S880
S898,S897
S9200,S920
S9201,S920
S921,S920
S9210,S920
S9211,S920
S9220,S922
S923,S922
S9230,S922
S92300,S922
S92301,S922
S92302,S922
S92309,S922
S9231,S922
S92310,S922
S92311,S922
S92312,S922
S92319,S922
S924,S922
S9240,S922
S9241,S922
S925,S922
S9250,S922
S9251,S922
S927,S922
S9270,S922
S9290,S929
S9291,S929
S932,S931
S933,S931
S935,S934
S936,S934
S941,S940
S942,S940
S943,S940
S947,S940
S948,S940
S951,S950
S952,S950
S957,S950
S958,S950
S959,S950
S967,S962
S968,S962
S971,S970
S978,S970
S981,S980
S982,S980
S983,S980
S984,S980
S998,S997
T011,T010
T012,T010
T013,T010
T016,T010
T018,T010
T0200,T020
T021,T020
T0210,T020
T0211,T0201
T022,T020
T0220,T020
T0221,T0201
T023,T020
T0230,T020
T0231,T0201
T024,T020
T0240,T020
T0241,T0201
T025,T020
T0250,T020
T0251,T0201
T026,T020
T0260,T020
T0261,T0201
T027,T020
T0270,T020
T0271,T0201
T028,T020
T0280,T020
T0281,T0201
T029,T020
T0290,T020
T0291,T0201
T031,T030
T032,T030
T033,T030
T034,T030
T038,T030
T039,T030
T041,T040
T042,T040
T043,T040
T044,T040
T047,T040
T048,T040
T051,T050
T052,T050
T053,T050
T054,T050
T055,T050
T056,T050
T058,T050
T061,T060
T062,T060
T063,T060
T064,T060
T065,T060
T068,T060
T151,T150
T171,T170
T172,T170
T174,T173
T175,T173
T178,T173
T182,T181
T183,T181
T184,T181
T185,T181
T188,T181
T189,T181
T191,T190
T193,T190
T198,T190
T206,T202
T207,T203
T216,T212
T217,T213
T226,T222
T227,T223
T236,T232
T237,T233
T246,T242
T247,T243
T256,T252
T257,T253
T261,T260
T262,T260
T263,T260
T264,T260
T265,T260
T266,T260
T267,T260
T268,T260
T269,T260
T271,T270
T272,T270
T273,T270
T274,T270
T275,T270
T276,T270
T277,T270
T281,T280
T282,T280
T285,T280
T286,T280
T287,T280
T288,T283
T289,T284
T296,T292
T297,T293
T306,T302
T307,T303
T313,T312
T314,T312
T315,T312
T316,T312
T317,T312
T318,T312
T319,T312
T320,T310
T321,T311
T322,T312
T323,T312
T324,T312
T325,T312
T326,T312
T327,T312
T328,T312
T329,T312
T341,T340
T342,T340
T343,T340
T344,T340
T345,T340
T346,T340
T347,T340
T348,T340
T349,T340
T351,T340
T363,T362
T364,T362
T365,T362
T366,T362
T367,T362
T372,T370
T373,T370
T374,T370
T375,T370
T378,T370
T379,T370
T381,T380
T382,T380
T383,T380
T384,T380
T385,T380
T386,T380
T387,T380
T388,T380
T389,T380
T391,T390
T392,T390
T394,T390
T398,T390
T401,T400
T402,T400
T403,T400
T405,T400
T406,T400
T407,T400
T408,T400
T409,T400
T411,T410
T412,T410
T413,T410
T414,T410
T415,T410
T422,T421
T423,T421
T424,T421
T425,T421
T426,T421
T427,T421
T428,T421
T431,T430
T432,T430
T433,T430
T434,T430
T435,T430
T436,T430
T438,T430
T441,T440
T442,T440
T443,T440
T444,T440
T445,T440
T446,T440
T447,T440
T448,T440
T451,T450
T453,T452
T454,T452
T456,T452
T457,T452
T458,T452
T461,T460
T462,T460
T463,T460
T464,T460
T465,T460
T466,T460
T467,T460
T468,T460
T471,T470
T472,T470
T473,T470
T474,T470
T475,T470
T476,T470
T477,T470
T478,T470
T481,T480
T482,T480
T501,T500
T502,T500
T503,T500
T504,T500
T505,T500
T506,T500
T507,T500
T508,T500
T511,T510
T512,T510
T513,T510
T518,T510
T521,T520
T522,T520
T523,T520
T524,T520
T528,T520
T531,T530
T532,T530
T533,T530
T534,T530
T535,T530
T536,T530
T537,T530
T541,T540
T542,T540
T543,T540
T561,T560
T562,T560
T563,T560
T564,T560
T565,T560
T566,T560
T567,T560
T568,T560
T571,T570
T572,T570
T573,T570
T578,T570
T579,T570
T591,T590
T592,T590
T593,T590
T594,T590
T596,T590
T597,T590
T598,T590
T602,T601
T604,T601
T608,T601
T609,T601
T611,T610
T618,T612
T622,T621
T628,T621
T6300,T630
T6301,T630
T6302,T630
T6303,T630
T6308,T630
T6309,T630
T632,T631
T635,T630
T636,T630
T638,T630
T651,T650
T652,T650
T653,T650
T654,T650
T655,T650
T656,T650
T658,T650
T671,T670
T672,T670
T673,T670
T674,T670
T675,T670
T676,T670
T677,T670
T678,T670
T679,T670
T691,T690
T704,T703
T751,T750
T754,T750
T791,T790
T806,T805
T821,T820
T823,T822
T843,T842
T844,T842
T851,T850
T863,T862
T871,T870
T872,T870
T874,T873
T875,T873
T883,T882
U109,M300
Z942,Z941
Z943,Z941
