"pax","proc"
0PBX,0132
0PBX,0142
0PBX,0152
0PBX,0153
0PBX,0159
0PBX,0214
0PBX,0401
0PBX,0713
0PBX,0714
0PBX,0751
0PBX,0752
0PBX,0753
0PBX,0754
0PBX,0759
0PBX,0761
0PBX,0762
0PBX,0763
0PBX,0764
0PBX,0765
0PBX,0768
0PBX,0769
0PBX,0771
0PBX,0772
0PBX,0779
0PBX,304
0PBX,3250
0PBX,3259
0PBX,3505
0PBX,3506
0PBX,3507
0PBX,3508
0PBX,3510
0PBX,3511
0PBX,3512
0PBX,3513
0PBX,3514
0PBX,3521
0PBX,3522
0PBX,3523
0PBX,3524
0PBX,3525
0PBX,3526
0PBX,3527
0PBX,3528
0PBX,3532
0PBX,3534
0PBX,3535
0PBX,3542
0PBX,3551
0PBX,3553
0PBX,3554
0PBX,3560
0PBX,3561
0PBX,3562
0PBX,3563
0PBX,3570
0PBX,3571
0PBX,3572
0PBX,3573
0PBX,3581
0PBX,3582
0PBX,3583
0PBX,3584
0PBX,3591
0PBX,3592
0PBX,3593
0PBX,3594
0PBX,3595
0PBX,3597
0PBX,3603
0PBX,3610
0PBX,3611
0PBX,3612
0PBX,3613
0PBX,3614
0PBX,3615
0PBX,3616
0PBX,3617
0PBX,3732
0PBX,3733
0PBX,3735
0PBX,3760
0PBX,3831
0PBX,3835
0PBX,3841
0PBX,3844
0PBX,3864
0PBX,390
0PBX,3921
0PBX,3922
0PBX,3923
0PBX,3928
0PBX,3951
0PBX,3971
0PBX,3972
0PBX,3973
0PBX,4240
0PBX,4241
0PBX,4242
0PBX,4251
0PBX,4252
0PBX,4253
0PBX,4254
0PBX,4255
0PBX,4256
0PBX,4258
0PBX,4259
0PBX,4261
0PBX,4262
0PBX,4263
0PBX,4264
0PBX,4265
0PBX,4266
0PBX,4268
0PBX,4269
0PBX,4391
0PBX,4399
0PBX,4581
0PBX,4582
0PBX,4583
0PBX,4697
0PBX,503
0PBX,504
0PBX,5251
0PBX,5252
0PBX,5253
0PBX,5259
0PBX,526
0PBX,527
0PBX,5471
0PBX,5569
0PBX,5771
0PBX,605
0PBX,688
0PCX,9672
0PDX,062
0PDX,0631
0PDX,0639
0PDX,064
0PDX,0650
0PDX,0651
0PDX,0652
0PDX,066
0PDX,0681
0PDX,0689
0PDX,2183
0PDX,252
0PDX,253
0PDX,254
0PDX,270
0PDX,2732
0PDX,280
0PDX,285
0PDX,290
0PDX,292
0PDX,2931
0PDX,2932
0PDX,2933
0PDX,2939
0PDX,294
0PDX,2951
0PDX,2952
0PDX,2953
0PDX,2954
0PDX,2959
0PDX,3001
0PDX,3009
0PDX,3021
0PDX,3022
0PDX,313
0PDX,3161
0PDX,3163
0PDX,3164
0PDX,3169
0PDX,3171
0PDX,3175
0PDX,3179
0PDX,3192
0PDX,398
0PDX,3981
0PDX,3983
0PDX,3985
0PDX,3989
0PDX,4201
0PDX,4209
0PDX,4210
0PDX,4211
0PDX,4212
0PDX,4219
0PDX,4221
0PDX,4240
0PDX,4241
0PDX,4242
0PDX,7641
0PDX,7642
0PDX,7643
0PDX,7661
0PDX,7662
0PDX,7663
0PDX,7664
0PEX,3174
1PBX,0111
1PBX,0113
1PBX,0411
1PBX,8701
1PBX,8702
1PBX,8703
1PBX,8704
1PBX,8706
1PBX,8714
1PBX,8715
1PBX,8721
1PBX,8741
1PBX,8762
1PBX,8763
1PBX,8764
1PBX,8801
1PBX,8841
1PBX,8861
1PBX,8871
1PBX,8876
1PBX,8891
1PBX,8893
1PBX,8894
1PBX,8897
1PBX,9211
1PBX,9212
1PBX,9214
1PBX,9218
1PBX,9523
1PBX,9525
1PBX,9541
2PCX,0811
2PCX,0820
2PCX,0821
2PCX,0822
2PCX,0823
2PCX,0824
2PCX,0825
2PCX,0831
2PCX,0832
2PCX,0833
2PCX,0834
2PCX,0835
2PCX,0836
2PCX,0837
2PCX,0838
2PCX,0841
2PCX,0842
2PCX,0843
2PCX,0849
2PCX,0851
2PCX,0852
2PCX,0859
2PCX,0861
2PCX,0862
2PCX,0863
2PCX,0864
2PCX,0869
2PCX,0870
2PCX,0871
2PCX,0872
2PCX,0873
2PCX,0874
2PCX,0881
2PCX,0882
2PCX,0883
2PCX,0884
2PCX,0885
2PCX,0886
2PCX,0887
2PCX,0889
2PCX,0891
2PCX,0892
2PCX,0893
2PCX,0899
2PCX,090
2PCX,0911
2PCX,0912
2PCX,0919
2PCX,0920
2PCX,0921
2PCX,0922
2PCX,0923
2PCX,093
2PCX,0941
2PCX,0942
2PCX,0943
2PCX,0944
2PCX,0949
2PCX,0951
2PCX,0952
2PCX,0953
2PCX,0959
2PCX,096
2PCX,0971
2PCX,0972
2PCX,0973
2PCX,0981
2PCX,0982
2PCX,0983
2PCX,0991
2PCX,0999
2PCX,100
2PCX,101
2PCX,1021
2PCX,1029
2PCX,1031
2PCX,1032
2PCX,1033
2PCX,1041
2PCX,1042
2PCX,1043
2PCX,1044
2PCX,1049
2PCX,105
2PCX,106
2PCX,1091
2PCX,1099
2PCX,110
2PCX,111
2PCX,1121
2PCX,1122
2PCX,1129
2PCX,1131
2PCX,1132
2PCX,1139
2PCX,1141
2PCX,1142
2PCX,1143
2PCX,1149
2PCX,1151
2PCX,1152
2PCX,1153
2PCX,1159
2PCX,1175
2PCX,1179
2PCX,1191
2PCX,1192
2PCX,1199
2PCX,1200
2PCX,1201
2PCX,1202
2PCX,1211
2PCX,1212
2PCX,1213
2PCX,1214
2PCX,1221
2PCX,1222
2PCX,1229
2PCX,1231
2PCX,1232
2PCX,1233
2PCX,1234
2PCX,1235
2PCX,1239
2PCX,1240
2PCX,1241
2PCX,1242
2PCX,1243
2PCX,1244
2PCX,1251
2PCX,1252
2PCX,1253
2PCX,1254
2PCX,1255
2PCX,1259
2PCX,1261
2PCX,1262
2PCX,1263
2PCX,1264
2PCX,1265
2PCX,1266
2PCX,1267
2PCX,1269
2PCX,1271
2PCX,1272
2PCX,1273
2PCX,1274
2PCX,1279
2PCX,1281
2PCX,1282
2PCX,1283
2PCX,1284
2PCX,1285
2PCX,1286
2PCX,1287
2PCX,1288
2PCX,1289
2PCX,1291
2PCX,1292
2PCX,1293
2PCX,1297
2PCX,1298
2PCX,1299
2PCX,1300
2PCX,1301
2PCX,1302
2PCX,1311
2PCX,1319
2PCX,132
2PCX,133
2PCX,1341
2PCX,1342
2PCX,1343
2PCX,1351
2PCX,1359
2PCX,1364
2PCX,1365
2PCX,1366
2PCX,1369
2PCX,1370
2PCX,1371
2PCX,1372
2PCX,138
2PCX,1390
2PCX,1391
2PCX,1471
2PCX,1473
2PCX,1501
2PCX,1509
2PCX,1511
2PCX,1512
2PCX,1513
2PCX,1519
2PCX,1521
2PCX,1522
2PCX,1529
2PCX,153
2PCX,154
2PCX,155
2PCX,156
2PCX,157
2PCX,159
2PCX,1682
2PCX,1693
2PCX,1699
2PCX,3821
2PCX,7679
2PCX,7692
2PCX,8622
2PCX,9504
2PDX,1342
3PBX,2301
3PBX,2309
3PBX,2311
3PBX,2319
3PBX,232
3PBX,233
3PBX,2341
3PBX,2342
3PBX,2343
3PBX,2349
3PBX,235
3PBX,236
3PBX,2370
3PBX,2371
3PBX,2372
3PBX,2373
3PBX,247
3PCX,2122
3PCX,2129
3PCX,2211
3PCX,2411
3PCX,2412
3PCX,2501
3PCX,2611
3PCX,2723
3PCX,2912
3PCX,2919
3PCX,3141
3PCX,3142
3PCX,3143
3PCX,3144
3PCX,3148
3PCX,4223
3PCX,4224
3PCX,8703
3PCX,8891
3PCX,8897
3PEX,2755
3PEX,2756
3PEX,2757
3PEX,2759
3PEX,294
3PEX,7641
3PEX,7643
3PEX,7644
3PEX,7646
3PEX,8670
3PEX,8671
3PEX,8672
3PEX,8673
3PEX,8674
3PEX,8675
4PCX,3322
4PCX,3323
4PCX,3324
4PCX,3326
4PCX,3372
4PCX,8703
4PCX,8741
4PCX,8801
4PCX,9214
5PBX,3721
5PBX,3722
5PBX,3723
5PBX,3726
5PBX,8852
5PBX,8853
5PBX,8854
5PBX,8855
5PBX,8856
5PBX,8857
5PBX,8858
5PCX,0066
5PCX,1755
5PDX,3606
5PDX,3607
5PEX,3553
5PEX,3562
5PEX,3610
5PEX,3611
5PEX,3612
5PEX,3613
5PEX,3614
5PEX,3615
5PEX,3616
5PEX,3617
5PEX,3619
5PFX,0041
5PFX,0042
5PFX,0043
5PFX,CK029
5PFX,CK030
5PFX,CK031
5PGX,0040
5PGX,CK028
5PHX,9910
5PHX,9920
5PJX,0055
5PJX,0060
5PJX,0063
5PJX,0064
5PJX,0065
5PJX,3990
6PBX,4222
6PBX,4223
6PBX,4224
6PBX,4233
6PBX,4341
6PBX,4412
6PBX,4413
6PBX,4414
6PBX,4512
6PBX,4513
6PBX,4514
6PBX,4516
6PBX,4522
6PBX,4523
6PBX,4524
6PBX,4525
6PBX,4530
6PBX,4542
6PBX,4543
6PBX,4822
6PBX,4823
6PBX,4824
6PBX,4826
6PBX,4836
6PBX,4921
6PBX,4922
6PBX,4923
6PBX,4931
6PBX,5011
6PBX,5013
6PBX,5110
6PBX,5111
6PBX,5114
6PBX,5421
6PBX,5424
6PBX,8761
6PBX,8762
6PBX,8763
6PBX,8764
6PBX,8765
6PBX,8801
6PBX,8802
6PBX,8804
6PBX,8847
6PBX,8865
6PBX,8874
6PBX,8876
6PBX,8897
6PBX,9204
6PBX,9214
6PBX,9218
7PBX,5110
7PBX,5111
7PBX,5114
7PBX,5115
7PBX,5164
7PBX,5184
7PBX,5185
7PBX,5186
7PBX,5187
7PBX,5188
7PBX,5196
7PBX,5198
7PDX,5011
7PDX,5013
7PDX,5110
7PDX,5111
7PDX,5112
7PDX,5114
7PDX,5164
7PDX,5211
7PDX,5213
7PDX,5214
7PDX,5221
7PDX,5421
7PDX,5424
7PDX,8751
7PDX,8752
7PDX,8754
7PDX,8759
7PDX,8766
7PDX,8801
7PDX,8802
7PDX,8804
7PDX,8847
7PDX,8864
7PDX,8874
7PDX,8897
7PDX,9202
7PDX,9214
7PDX,9218
8PCX,0070
8PCX,0071
8PCX,0072
8PCX,0073
8PCX,0085
8PCX,0086
8PCX,0087
8PCX,8151
8PCX,8152
8PCX,8153
8PDX,0080
8PDX,0081
8PDX,0082
8PDX,0083
8PDX,0084
8PDX,8154
8PDX,8155
8PEX,8156
8PFX,8721
8PFX,8838
8PFX,8848
8PFX,8893
8PFX,8894
8PFX,8895
8PFX,9202
8PFX,9214
8PFX,9218
9PBX,8622*1
9PCX,8511
9PCX,8591
9PCX,8735
9PCX,8736
9PCX,8737
9PCX,8741
9PCX,8834
9PCX,8873
9PCX,8892
9PCX,9202
9PCX,9214
9PCX,9216
9PCX,9218
9PDX,8570
9PDX,8571
9PDX,8572
9PDX,8573
9PDX,8574
9PDX,8575
9PDX,8576
9PDX,8579
11PBX,9851
11PCX,5521
11PCX,5522
11PCX,5523
11PCX,5631
11PCX,5632
11PCX,5633
11PCX,5635
11PCX,5731
11PCX,5732
11PCX,8771
11PCX,8772
11PCX,8773
11PCX,8775
11PCX,8776
11PCX,8801
11PCX,8845
11PCX,8875
11PCX,8895
11PCX,8897
11PCX,9202
11PCX,9214
12PBX,5731
12PBX,5732
12PBX,5821
12PBX,5822
12PBX,5823
12PBX,5824
12PBX,5831
12PBX,6011
12PBX,6013
12PBX,6111
12PBX,6211
12PBX,6301
12PBX,8773
12PBX,8776
12PBX,8791
12PBX,8793
12PBX,8801
12PBX,8879
12PBX,8895
12PBX,8897
12PBX,9202
12PBX,9214
12PBX,9218
13PBX,7021
13PBX,7022
13PBX,8773
13PBX,8777
13PBX,8801
13PBX,8879
13PBX,8895
13PBX,8897
13PBX,9202
13PBX,9214
13PBX,9218
14PBX,740
14PBX,741
14PBX,742
14PBX,744
14PBX,7499
14PCX,4871
14PCX,4879
14PCX,4979
14PCX,544
14PCX,5682
14PCX,5689
14PCX,5781
14PCX,5784
14PCX,5785
14PCX,5788
14PCX,5789
14PCX,5841
14PCX,5843
14PCX,5844
14PCX,5849
14PCX,6551
14PCX,6552
14PCX,6553
14PCX,6554
14PCX,6561
14PCX,6562
14PCX,664
14PCX,6651
14PCX,6652
14PCX,6663
14PCX,6669
14PCX,6692
14PCX,6697
14PCX,680
14PCX,6829
14PCX,6839
14PCX,6849
14PCX,689
14PCX,6923
14PCX,6929
14PCX,6941
14PCX,6949
14PCX,7072
14PCX,7073
14PCX,7074
14PCX,7075
14PCX,7077
14PCX,7078
14PCX,7079
14PCX,7550
14PCX,7551
14PCX,7552
14PCX,7561
14PCX,7593
14PDX,5411
14PDX,5421
14PDX,6541
14PDX,6549
14PDX,6563
14PDX,6564
14PDX,6601
14PDX,6602
14PDX,664
14PDX,6651
14PDX,6652
14PDX,6661
14PDX,6662
14PDX,6663
14PDX,6831
14PDX,6839
14PDX,7012
14PDX,743
14PDX,7491
14PEX,6901
14PEX,6902
14PEX,6909
14PEX,6951
14PEX,6952
14PEX,6959
14PEX,750
14PGX,6621
14PGX,6622
14PGX,6629
14PGX,6631
14PGX,6632
14PGX,6639
14PHX,7029
14PHX,7111
14PHX,7122
14PHX,7123
14PHX,7129
14PHX,720
14PHX,721
14PHX,7221
14PHX,7229
14PHX,7231
14PHX,7239
14PHX,724
14PHX,7251
14PHX,7252
14PHX,7253
14PHX,7254
14PHX,7271
14PHX,7279
14PHX,7321
14PHX,7322
14PHX,733
14PHX,738
14PHX,7392
14PHX,751
14PHX,752
14PHX,7531
14PHX,7533
14PHX,7537
14PHX,754
14PHX,7562
14PHX,757
14PHX,7591
14PHX,7592
14PHX,7594
15PBX,0114
15PBX,0115
15PBX,0206
15PBX,0211
15PBX,0212
15PBX,022
15PBX,0221
15PBX,0222
15PBX,0231
15PBX,0232
15PBX,0233
15PBX,0234
15PBX,0239
15PBX,0242
15PBX,0243
15PBX,0299
15PBX,0351
15PBX,0352
15PBX,0359
15PBX,043
15PBX,0476
15PBX,0479
15PBX,067
15PBX,0721
15PBX,0722
15PBX,1273
15PBX,1421
15PBX,1422
15PBX,1424
15PBX,1425
15PBX,1426
15PBX,1432
15PBX,1434
15PBX,1451
15PBX,1452
15PBX,1454
15PBX,1455
15PBX,1459
15PBX,1479
15PBX,1669
15PBX,1693
15PBX,1756
15PBX,2754
15PBX,311
15PBX,3142
15PBX,3169
15PBX,3179
15PBX,3191
15PBX,331
15PBX,3320
15PBX,3321
15PBX,3324
15PBX,3325
15PBX,3326
15PBX,3327
15PBX,3328
15PBX,3329
15PBX,3391
15PBX,3402
15PBX,3403
15PBX,3409
15PBX,341
15PBX,3451
15PBX,3452
15PBX,3484
15PBX,3499
15PBX,3604
15PBX,3721
15PBX,3722
15PBX,3723
15PBX,3770
15PBX,3771
15PBX,3772
15PBX,3773
15PBX,3774
15PBX,3775
15PBX,3776
15PBX,3780
15PBX,3781
15PBX,3782
15PBX,3783
15PBX,3785
15PBX,3786
15PBX,3787
15PBX,3789
15PBX,3791
15PBX,3802
15PBX,3818
15PBX,3865
15PBX,3867
15PBX,3880
15PBX,3886
15PBX,3931
15PBX,3942
15PBX,3949
15PBX,3950
15PBX,3953
15PBX,3956
15PBX,3957
15PBX,3958
15PBX,3959
15PBX,398
15PBX,3981
15PBX,3983
15PBX,3985
15PBX,3989
15PBX,3990
15PBX,430
15PBX,445
15PBX,4461
15PBX,4463
15PBX,4464
15PBX,4466
15PBX,4469
15PBX,4499
15PBX,4500
15PBX,4501
15PBX,4502
15PBX,4503
15PBX,4514
15PBX,4515
15PBX,4519
15PBX,4523
15PBX,4526
15PBX,4527
15PBX,4531
15PBX,4532
15PBX,4533
15PBX,4534
15PBX,4541
15PBX,4551
15PBX,4576
15PBX,4579
15PBX,4590
15PBX,4601
15PBX,4602
15PBX,4603
15PBX,4610
15PBX,4611
15PBX,4613
15PBX,4614
15PBX,4620
15PBX,4621
15PBX,4622
15PBX,4623
15PBX,4624
15PBX,4631
15PBX,4632
15PBX,4639
15PBX,4640
15PBX,4641
15PBX,4642
15PBX,4643
15PBX,4651
15PBX,4652
15PBX,4662
15PBX,4671
15PBX,4673
15PBX,4674
15PBX,4675
15PBX,4679
15PBX,4680
15PBX,4681
15PBX,4682
15PBX,4693
15PBX,4694
15PBX,4699
15PBX,4709
15PBX,472
15PBX,480
15PBX,4832
15PBX,4861
15PBX,4869
15PBX,4874
15PBX,4879
15PBX,4899
15PBX,4973
15PBX,4975
15PBX,4976
15PBX,4979
15PBX,5012
15PBX,5061
15PBX,5122
15PBX,5135
15PBX,5163
15PBX,5301
15PBX,5310
15PBX,5311
15PBX,5312
15PBX,5313
15PBX,5341
15PBX,5342
15PBX,5343
15PBX,5349
15PBX,5359
15PBX,5363
15PBX,5369
15PBX,5381
15PBX,5411
15PBX,5412
15PBX,5419
15PBX,544
15PBX,5451
15PBX,5459
15PBX,5461
15PBX,5462
15PBX,5463
15PBX,5472
15PBX,5474
15PBX,5493
15PBX,5494
15PBX,5495
15PBX,5498
15PBX,5502
15PBX,5503
15PBX,5551
15PBX,5587
15PBX,5721
15PBX,5732
15PBX,5786
15PBX,5787
15PBX,5789
15PBX,5799
15PBX,5841
15PBX,5843
15PBX,6549
15PBX,7676
15PBX,7895
15PBX,7935
15PBX,7971
15PBX,8015
15PBX,8016
15PBX,8140
15PBX,864
15PBX,8660
15PBX,8661
15PBX,8663
15PBX,8669
15PBX,8670
15PBX,8671
15PBX,8672
15PBX,8675
15PBX,8852
15PBX,8853
15PBX,8854
15PBX,8855
15PBX,8857
15PBX,8892
15PBX,9672
15PBX,9915
15PCX,0096
15PCX,0102
15PCX,0109
15PCX,0331
15PCX,0339
15PCX,0404
15PCX,046
15PCX,0852
15PCX,0871
15PCX,0881
15PCX,0943
15PCX,1021
15PCX,1033
15PCX,1129
15PCX,1241
15PCX,1291
15PCX,1475
15PCX,208
15PCX,2101
15PCX,211
15PCX,2130
15PCX,2131
15PCX,2132
15PCX,2189
15PCX,2191
15PCX,2431
15PCX,247
15PCX,2559
15PCX,2591
15PCX,2592
15PCX,2593
15PCX,2599
15PCX,260
15PCX,2722
15PCX,2723
15PCX,2749
15PCX,2764
15PCX,3322
15PCX,3323
15PCX,3372
15PCX,3393
15PCX,3401
15PCX,3404
15PCX,3406
15PCX,3423
15PCX,3428
15PCX,3491
15PCX,3492
15PCX,370
15PCX,3777
15PCX,3778
15PCX,3779
15PCX,3862
15PCX,3891
15PCX,3892
15PCX,3893
15PCX,3894
15PCX,3897
15PCX,3943
15PCX,3952
15PCX,3986
15PCX,3988
15PCX,3995
15PCX,4138
15PCX,4223
15PCX,4292
15PCX,4413
15PCX,4419
15PCX,4462
15PCX,4525
15PCX,4528
15PCX,4685
15PCX,4686
15PCX,4687
15PCX,4824
15PCX,4825
15PCX,4835
15PCX,4873
15PCX,4903
15PCX,4904
15PCX,4912
15PCX,4923
15PCX,4939
15PCX,4971
15PCX,4991
15PCX,4993
15PCX,4999
15PCX,5111
15PCX,5300
15PCX,5302
15PCX,539
15PCX,540
15PCX,5421
15PCX,5425
15PCX,543
15PCX,5464
15PCX,5491
15PCX,5511
15PCX,5523
15PCX,5529
15PCX,5711
15PCX,5718
15PCX,5751
15PCX,5794
15PCX,580
15PCX,5822
15PCX,5972
15PCX,598
15PCX,610
15PCX,623
15PCX,625
15PCX,631
15PCX,640
15PCX,642
15PCX,6492
15PCX,7109
15PCX,7671
15PCX,7769
15PCX,7789
15PCX,7901
15PCX,7902
15PCX,7905
15PCX,7908
15PCX,7975
15PCX,7976
15PCX,7979
15PCX,8191
15PCX,8291
15PCX,8302
15PCX,8313
15PCX,8321
15PCX,8345
15PCX,8349
15PCX,8377
15PCX,8384
15PCX,8388
15PCX,8389
15PCX,8396
15PCX,8401
15PCX,8402
15PCX,8521
15PCX,8596
15PCX,8605
15PCX,8607
15PCX,8611
15PCX,8621
15PCX,8622
15PCX,8623
15PCX,8659
15PCX,8684
15PCX,8687
15PCX,8689
15PCX,8703
15PCX,8741
15PCX,8771
15PCX,8801
15PCX,8871
15PCX,8872
15PCX,8875
15PCX,8876
15PCX,8891
15PCX,8893
15PCX,8894
15PCX,8895
15PCX,8964
15PCX,9223
15PCX,9390
15PCX,9391
15PCX,9623
15PCX,9635
15PCX,9671
15PCX,9762
15PCX,9802
15PCX,9901
15PCX,9903
15PCX,9904
15PCX,9905
15PCX,9906
15PCX,9907
15PCX,9909
15PCX,9914
15PCX,9960
15PCX,9962
15PDX,0123
15PDX,0124
15PDX,0125
15PDX,0131
15PDX,0139
15PDX,0151
15PDX,0159
15PDX,0202
15PDX,1254
15PDX,1264
15PDX,1266
15PDX,1441
15PDX,1474
15PDX,1481
15PDX,1483
15PDX,149
15PDX,1639
15PDX,1731
15PDX,1732
15PDX,1733
15PDX,1734
15PDX,1735
15PDX,1736
15PDX,1739
15PDX,3173
15PDX,3209
15PDX,3241
15PDX,3249
15PDX,3250
15PDX,3259
15PDX,3342
15PDX,3348
15PDX,3349
15PDX,4064
15PDX,4209
15PDX,4210
15PDX,4211
15PDX,4219
15PDX,4241
15PDX,4251
15PDX,4252
15PDX,4258
15PDX,4259
15PDX,4261
15PDX,4282
15PDX,4284
15PDX,4285
15PDX,4289
15PDX,4311
15PDX,4319
15PDX,433
15PDX,4429
15PDX,4439
15PDX,4441
15PDX,4561
15PDX,4562
15PDX,4563
15PDX,4571
15PDX,4572
15PDX,4573
15PDX,4574
15PDX,4575
15PDX,4581
15PDX,4582
15PDX,4583
15PDX,4591
15PDX,4592
15PDX,4593
15PDX,4594
15PDX,4595
15PDX,4840
15PDX,4841
15PDX,4842
15PDX,4843
15PDX,4849
15PDX,4865
15PDX,503
15PDX,5131
15PDX,5132
15PDX,5133
15PDX,5134
15PDX,5136
15PDX,5137
15PDX,5139
15PDX,5251
15PDX,5253
15PDX,5259
15PDX,526
15PDX,5371
15PDX,5372
15PDX,5375
15PDX,5380
15PDX,5383
15PDX,5384
15PDX,5471
15PEX,3500
15PEX,3501
15PEX,3502
15PEX,3503
15PEX,3504
15PEX,3507
15PEX,3508
15PEX,3510
15PEX,3511
15PEX,3512
15PEX,3513
15PEX,3514
15PEX,3526
15PEX,3534
15PEX,3539
15PEX,3541
15PEX,3542
15PEX,3551
15PEX,3553
15PEX,3554
15PEX,3561
15PEX,3562
15PEX,3563
15PEX,3571
15PEX,3572
15PEX,3573
15PEX,3582
15PEX,3583
15PEX,3584
15PEX,3592
15PEX,3593
15PEX,3596
15PEX,3699
15PEX,3749
15PEX,3801
15PEX,3834
15PEX,3835
15PEX,3841
15PEX,3842
15PEX,3844
15PEX,3845
15PEX,3846
15PEX,3864
15PEX,3884
15PEX,3885
15PEX,390
15PEX,3921
15PEX,3965
15PEX,3966
16PBX,0096
16PBX,9906
17PBX,0111
17PBX,0113
17PBX,0411
17PBX,2211
17PBX,2411
17PBX,2412
17PBX,2501
17PBX,251
17PBX,2723
17PBX,3142
17PBX,3143
17PBX,3144
17PBX,3322
17PBX,3372
17PBX,4131
17PBX,4222
17PBX,4223
17PBX,4224
17PBX,4233
17PBX,4341
17PBX,4412
17PBX,4413
17PBX,4414
17PBX,4512
17PBX,4513
17PBX,4514
17PBX,4516
17PBX,4522
17PBX,4523
17PBX,4524
17PBX,4525
17PBX,4530
17PBX,4542
17PBX,4543
17PBX,4822
17PBX,4823
17PBX,4824
17PBX,4826
17PBX,4836
17PBX,4922
17PBX,4923
17PBX,4931
17PBX,5011
17PBX,5013
17PBX,5110
17PBX,5111
17PBX,5112
17PBX,5114
17PBX,5164
17PBX,5211
17PBX,5213
17PBX,5214
17PBX,5221
17PBX,5421
17PBX,5424
17PBX,5521
17PBX,5522
17PBX,5523
17PBX,5631
17PBX,5632
17PBX,5633
17PBX,5635
17PBX,5731
17PBX,5732
17PBX,5821
17PBX,5822
17PBX,5823
17PBX,5824
17PBX,5831
17PBX,6013
17PBX,6111
17PBX,6211
17PBX,6301
17PBX,7022
17PBX,8511
17PBX,8591
17PBX,8703
17PBX,8714
17PBX,8721
17PBX,8735
17PBX,8737
17PBX,8741
17PBX,8751
17PBX,8752
17PBX,8754
17PBX,8759
17PBX,8761
17PBX,8762
17PBX,8763
17PBX,8764
17PBX,8765
17PBX,8771
17PBX,8773
17PBX,8775
17PBX,8776
17PBX,8791
17PBX,8793
17PBX,8801
17PBX,8804
17PBX,8834
17PBX,8836
17PBX,8838
17PBX,8841
17PBX,8845
17PBX,8847
17PBX,8848
17PBX,8861
17PBX,8864
17PBX,8865
17PBX,8871
17PBX,8873
17PBX,8874
17PBX,8875
17PBX,8876
17PBX,8879
17PBX,8891
17PBX,8892
17PBX,8893
17PBX,8894
17PBX,8895
17PBX,8897
17PBX,9202
17PBX,9204
17PBX,9211
17PBX,9212
17PBX,9214
17PBX,9216
17PBX,9218
17PBX,9523
17PBX,9525
17PBX,9541
19PBX,9426
19PBX,9427
22PBX,8670
22PBX,8672
22PBX,8673
22PBX,8674
22PBX,8675
22PCX,8660
22PCX,8661
22PCX,8662
22PCX,8663
22PCX,8665
22PCX,8666
22PCX,8669
22PDX,9915
22PEX,8622
23PBX,2121
23PBX,2911
23PBX,3141
23PBX,3142
23PBX,3143
23PBX,3144
23PBX,3201
23PBX,3227
23PBX,3228
23PBX,3321
23PBX,3322
23PBX,3323
23PBX,3324
23PBX,3372
23PBX,4222
23PBX,4223
23PBX,4224
23PBX,4233
23PBX,4341
23PBX,4412
23PBX,4413
23PBX,4414
23PBX,4512
23PBX,4513
23PBX,4514
23PBX,4516
23PBX,4522
23PBX,4523
23PBX,4524
23PBX,4525
23PBX,4530
23PBX,4542
23PBX,4543
23PBX,4822
23PBX,4823
23PBX,4824
23PBX,4836
23PBX,4921
23PBX,4931
23PBX,5110
23PBX,5111
23PBX,5114
23PBX,5164
23PBX,5184
23PBX,5185
23PBX,5186
23PBX,5187
23PBX,5213
23PBX,5214
23PBX,5221
23PBX,5293
23PBX,5297
23PBX,5298
23PBX,5521
23PBX,5522
23PBX,5631
23PBX,5731
23PBX,5732
23PBX,5822
23PBX,6812
23PBX,7021
23PBX,7022
24PBX,8622*1
99PBX,9903
99PBX,9904
99PBX,9905
99PEX,9223
99PEX,9224
99PEX,9225
99PEX,9227
99PEX,9228
99PEX,9229
99PEX,9230
99PEX,9231
99PEX,9232
99PFX,9925
99PGX,CE022
