"mdc","proc","pdc"
0,301,0PG
0,303,0PG
0,304,0PG
0,311,0PF
0,3121,0PF
0,3129,0PF
0,3350,0PB
0,3351,0PB
0,3352,0PB
0,336,0PB
0,3751,0PB
0,4100,0PD
0,4101,0PD
0,4102,0PD
0,4103,0PD
0,4104,0PD
0,4105,0PD
0,4107,0PD
0,4108,0PD
0,4109,0PD
0,5051,0PA
0,5059,0PA
1,0061,1PD
1,0062,1PJ
1,0110,1PB
1,0112,1PB
1,0114,1PB
1,0115,1PB
1,0116,1PB
1,0117,1PB
1,0118,1PB
1,0119,1PB
1,0120,1PB
1,0121,1PB
1,0121>1,1PK
1,0122,1PB
1,0123,1PB
1,0123>1,1PK
1,0124,1PB
1,0124>1,1PK
1,0125,1PB
1,0125>1,1PK
1,0128,1PB
1,0129,1PB
1,0131,1PB
1,0131>1,1PK
1,0132,1PB
1,0132>1,1PK
1,0139,1PB
1,0139>1,1PK
1,0141,1PB
1,0141>1,1PK
1,0142,1PB
1,0142>1,1PK
1,0151,1PB
1,0151>1,1PK
1,0152,1PB
1,0153,1PB
1,0153>1,1PK
1,0159,1PB
1,0159>1,1PK
1,016,1PB
1,016>1,1PK
1,0201,1PB
1,0201>1,1PK
1,0202,1PB
1,0202>1,1PK
1,0203,1PB
1,0204,1PB
1,0205,1PB
1,0206,1PB
1,0207,1PB
1,0211,1PB
1,0211>1,1PK
1,0212,1PB
1,0212>1,1PK
1,0213,1PH
1,0214,1PB
1,0214>1,1PK
1,022,1PB
1,0221,1PB
1,0222,1PB
1,022>1,1PK
1,0231,1PB
1,0231>1,1PK
1,0232,1PB
1,0232>1,1PK
1,0233,1PB
1,0233>1,1PK
1,0234,1PB
1,0234>1,1PK
1,0235,1PB
1,0235>1,1PK
1,0239,1PB
1,0239>1,1PK
1,0242,1PA
1,0243,1PA
1,0291,1PB
1,0291>1,1PK
1,0292,1PB
1,0292>1,1PK
1,0293,1PB
1,0294,1PB
1,0299,1PB
1,0301,1PC
1,0302,1PC
1,0309,1PC
1,031,1PC
1,0321,1PC
1,0329,1PC
1,0332,1PC
1,0339,1PC
1,034,1PC
1,0351,1PC
1,0352,1PC
1,0353,1PC
1,0359,1PC
1,036,1PC
1,0371,1PC
1,0379,1PC
1,0393,1PC
1,0394,1PC
1,0397,1PC
1,0398,1PC
1,0399,1PC
1,0401,1PB
1,0402,1PF
1,0403,1PF
1,0404,1PF
1,0405,1PF
1,0406,1PF
1,0407,1PF
1,0412,1PF
1,0419,1PF
1,043,1PF
1,0441,1PB
1,0441>1,1PK
1,0442,1PF
1,0443,1PE
1,0444,1PF
1,0449,1PF
1,045,1PF
1,046,1PF
1,0471,1PF
1,0472,1PF
1,0473,1PF
1,0474,1PF
1,0475,1PF
1,0476,1PF
1,0479,1PF
1,0491,1PF
1,0492,1PF
1,0493,1PF
1,0499,1PF
1,050,1PF
1,0511,1PF
1,0519,1PF
1,0521,1PF
1,0522,1PF
1,0523,1PF
1,0529,1PF
1,0581,1PF
1,0589,1PF
1,059,1PF
1,0713,1PB
1,0714,1PB
1,0715,1PB
1,0717,1PB
1,0751,1PB
1,0751>1,1PK
1,0752,1PB
1,0752>1,1PK
1,0753,1PB
1,0753>1,1PK
1,0754,1PB
1,0759,1PB
1,0761,1PB
1,0761>1,1PK
1,0762,1PB
1,0762>1,1PK
1,0763,1PB
1,0763>1,1PK
1,0764,1PB
1,0765,1PB
1,0768,1PB
1,0769,1PB
1,0772,1PB
1,0772>1,1PK
1,0780,1PF
1,0781,1PF
1,0782,1PF
1,0783,1PF
1,0784,1PF
1,0851,1PF
1,0852,1PF
1,0859,1PF
1,1753,1PD
1,1754,1PJ
1,1761,1PB
1,3776,1PF
1,3801,1PH
1,3802,1PF
1,3810,1PD
1,3811,1PH
1,3812,1PD
1,3821,1PF
1,3831,1PH
1,3832,1PD
1,3841,1PH
1,3851,1PH
1,3861,1PH
1,3862,1PD
1,387,1PF
1,3881,1PH
1,3882,1PF
1,3922,1PD
1,3928,1PH
1,3929,1PD
1,3930,1PD
1,3931,1PD
1,3932,1PD
1,3951,1PH
1,3952,1PH
1,3953,1PH
1,3956,1PD
1,3957,1PD
1,3958,1PD
1,3959,1PD
1,3972,1PJ
1,3974,1PJ
1,3975,1PJ
1,3976,1PJ
1,398,1PD
1,3981,1PD
1,3982,1PF
1,3983,1PD
1,3984,1PF
1,3985,1PD
1,3989,1PD
1,3992,1PD
1,5495,1PA
1,7670,1PF
1,7672,1PF
1,7674,1PF
1,7676,1PF
1,7677,1PF
1,7679,1PF
1,7791,1PC
1,8050,1PC
1,8051,1PC
1,8054,1PC
1,8059,1PC
1,8100,1PC
1,8101,1PC
1,8102,1PC
1,8103,1PC
1,8104,1PC
1,8105,1PC
1,8106,1PC
1,8107,1PC
1,8108,1PC
1,8132,1PC
1,8133,1PC
1,8138,1PC
1,8255,1PF
1,8256,1PF
1,8258,1PF
1,8285,1PF
1,8313,1PF
1,8319,1PF
1,8321,1PF
1,8345,1PF
1,8371,1PF
1,8372,1PF
1,8373,1PF
1,8374,1PF
1,8375,1PF
1,8376,1PF
1,8377,1PF
1,8379,1PF
1,8385,1PF
1,8387,1PF
1,8388,1PF
1,8389,1PF
1,8393,1PF
1,8411,1PF
1,8415,1PF
1,8459,1PC
1,8461,1PC
1,8462,1PC
1,8464,1PC
1,8480,1PC
1,8681,1PF
1,8694,1PF
1,8695,1PF
1,8696,1PF
1,9230,1PF
1,9231,1PF
1,9232,1PF
1,9233,1PF
1,9239,1PF
1,9971,1PL
1,C7080,1PG
1,C7081,1PG
1,C7082,1PG
1,C7085,1PG
1,C7086,1PG
1,C7087,1PG
1,C7180,1PG
1,C7181,1PG
1,C7182,1PG
1,C7185,1PG
1,C7186,1PG
1,C7187,1PG
1,C7280,1PG
1,C7283,1PG
1,C7380,1PG
1,C7381,1PG
1,C7382,1PG
1,C7385,1PG
1,C7386,1PG
1,C7387,1PG
1,C7480,1PG
1,C7481,1PG
1,C7482,1PG
1,C7483,1PG
1,C7485,1PG
1,C7486,1PG
1,C7487,1PG
1,C7680,1PG
1,C7685,1PG
1,C7686,1PG
1,C7687,1PG
2,0811,2PG
2,0820,2PG
2,0821,2PG
2,0822,2PG
2,0823,2PG
2,0824,2PG
2,0825,2PG
2,0831,2PG
2,0832,2PG
2,0833,2PG
2,0834,2PG
2,0835,2PG
2,0836,2PG
2,0837,2PG
2,0838,2PG
2,0841,2PG
2,0842,2PG
2,0843,2PG
2,0844,2PB
2,0849,2PG
2,0851,2PG
2,0852,2PG
2,0859,2PG
2,0861,2PG
2,0862,2PG
2,0863,2PG
2,0864,2PG
2,0869,2PG
2,0870,2PG
2,0871,2PG
2,0872,2PG
2,0873,2PG
2,0874,2PG
2,0881,2PG
2,0882,2PG
2,0883,2PG
2,0884,2PG
2,0885,2PG
2,0886,2PG
2,0887,2PG
2,0889,2PG
2,0891,2PG
2,0892,2PG
2,0893,2PG
2,0899,2PG
2,090,2PM
2,0911,2PM
2,0912,2PG
2,0919,2PG
2,0920,2PM
2,0921,2PM
2,0922,2PM
2,0923,2PM
2,093,2PM
2,0941,2PG
2,0942,2PG
2,0943,2PG
2,0944,2PG
2,0949,2PG
2,0951,2PG
2,0952,2PG
2,0953,2PG
2,0959,2PG
2,096,2PG
2,0971,2PG
2,0972,2PG
2,0973,2PG
2,0981,2PM
2,0982,2PM
2,0983,2PM
2,0991,2PG
2,0999,2PG
2,100,2PG
2,101,2PG
2,1021,2PG
2,1029,2PG
2,1031,2PG
2,1032,2PG
2,1033,2PG
2,1041,2PG
2,1042,2PG
2,1043,2PG
2,1044,2PG
2,1049,2PG
2,105,2PG
2,106,2PG
2,1099,2PG
2,110,2PG
2,111,2PG
2,1121,2PG
2,1122,2PG
2,1129,2PG
2,1131,2PG
2,1132,2PG
2,1139,2PG
2,1141,2PG
2,1142,2PG
2,1143,2PG
2,1149,2PG
2,1151,2PD
2,1152,2PD
2,1153,2PD
2,1159,2PD
2,1160,2PJ
2,1161,2PJ
2,1162,2PJ
2,1163,2PJ
2,1164,2PJ
2,1169,2PJ
2,1171,2PJ
2,1172,2PJ
2,1173,2PJ
2,1174,2PJ
2,1175,2PD
2,1176,2PJ
2,1179,2PD
2,1191,2PG
2,1192,2PG
2,1199,2PG
2,1200,2PD
2,1201,2PD
2,1202,2PD
2,1211,2PD
2,1212,2PD
2,1213,2PD
2,1214,2PD
2,1221,2PD
2,1222,2PD
2,1229,2PD
2,1231,2PD
2,1232,2PD
2,1233,2PD
2,1234,2PD
2,1235,2PD
2,1239,2PD
2,1240,2PD
2,1241,2PD
2,1242,2PD
2,1243,2PD
2,1244,2PD
2,1251,2PD
2,1252,2PD
2,1253,2PD
2,1254,2PD
2,1255,2PD
2,1259,2PD
2,1261,2PD
2,1262,2PD
2,1263,2PD
2,1264,2PD
2,1265,2PD
2,1266,2PD
2,1267,2PD
2,1269,2PD
2,1271,2PD
2,1272,2PD
2,1273,2PD
2,1274,2PD
2,1279,2PD
2,1281,2PD
2,1282,2PD
2,1283,2PD
2,1284,2PD
2,1285,2PD
2,1286,2PD
2,1287,2PD
2,1288,2PD
2,1289,2PD
2,1291,2PD
2,1292,2PG
2,1293,2PD
2,1297,2PD
2,1298,2PD
2,1299,2PD
2,1300,2PF
2,1301,2PF
2,1302,2PF
2,1311,2PF
2,1311>1,2PL
2,1319,2PF
2,1319>1,2PL
2,132,2PF
2,132>1,2PL
2,133,2PF
2,133>1,2PL
2,1341,2PE
2,1341>1,2PK
2,1342,2PE
2,1342>1,2PK
2,1343,2PE
2,1343>1,2PK
2,1351,2PF
2,1351>1,2PL
2,1359,2PF
2,1359>1,2PL
2,1364,2PF
2,1364>1,2PL
2,1365,2PF
2,1365>1,2PL
2,1366,2PD
2,1366>1,2PL
2,1369,2PF
2,1369>1,2PL
2,1370,2PF
2,1370>1,2PL
2,1371,2PF
2,1372,2PF
2,1372>1,2PL
2,138,2PE
2,138>1,2PK
2,1390,2PF
2,1391,2PE
2,1400,2PA
2,1401,2PA
2,1402,2PA
2,1411,2PA
2,1419,2PA
2,1421,2PA
2,1422,2PA
2,1423,2PA
2,1424,2PA
2,1425,2PA
2,1426,2PA
2,1427,2PA
2,1429,2PA
2,1431,2PA
2,1432,2PA
2,1433,2PA
2,1434,2PA
2,1435,2PA
2,1439,2PA
2,1441,2PA
2,1449,2PA
2,1451,2PA
2,1452,2PA
2,1453,2PA
2,1454,2PA
2,1455,2PA
2,1459,2PA
2,146,2PA
2,1471,2PG
2,1472,2PA
2,1473,2PG
2,1474,2PH
2,1475,2PA
2,1479,2PG
2,1481,2PA
2,1482,2PA
2,1483,2PA
2,149,2PA
2,1501,2PG
2,1509,2PG
2,1511,2PG
2,1512,2PG
2,1513,2PG
2,1519,2PG
2,1521,2PG
2,1522,2PG
2,1529,2PG
2,153,2PG
2,154,2PG
2,155,2PG
2,156,2PG
2,157,2PG
2,159,2PG
2,1601,2PB
2,1602,2PB
2,1609,2PB
2,161,2PB
2,1622,2PB
2,1623,2PB
2,1629,2PB
2,1631,2PB
2,1639,2PB
2,1641,2PB
2,1642,2PB
2,1649,2PB
2,1651,2PB
2,1652,2PB
2,1659,2PB
2,1661,2PB
2,1662,2PB
2,1663,2PB
2,1664,2PB
2,1665,2PB
2,1666,2PB
2,1669,2PB
2,1671,2PB
2,1672,2PB
2,1681,2PB
2,1682,2PD
2,1689,2PB
2,1692,2PB
2,1693,2PG
2,1698,2PB
2,1699,2PG
2,3821,2PG
2,7646,2PB
2,7679,2PB
2,7691,2PB
2,7692,2PB
2,9504,2PG
2,CE001,2PK
2,CE002,2PK
2,CE003,2PK
2,CE004,2PK
2,CE005,2PK
2,CE006,2PK
2,CE007,2PK
2,CE008,2PK
2,CE009,2PK
2,CE010,2PK
2,CE011,2PK
2,CE012,2PK
2,CE013,2PK
2,CE014,2PK
2,CE015,2PL
2,CE016,2PL
2,CE017,2PL
2,CE018,2PL
2,CE019,2PL
2,CE020,2PL
2,CE021,2PL
3,0407,3PP
3,0442,3PP
3,0449,3PP
3,0471,3PP
3,0472,3PP
3,0474,3PP
3,0476,3PP
3,0609,3PL
3,066,3PP
3,0944,3PL
3,0981,3PP
3,0999,3PL
3,1652,3PP
3,1698,3PP
3,1821,3PL
3,1831,3PL
3,1839,3PL
3,185,3PL
3,186,3PL
3,1871,3PL
3,1872,3PP
3,1879,3PP
3,189,3PL
3,190,3PL
3,1911,3PL
3,1919,3PL
3,1921,3PL
3,1929,3PL
3,193,3PL
3,194,3PL
3,1952,3PL
3,1953,3PL
3,1954,3PL
3,1955,3PL
3,196,3PL
3,199,3PL
3,2001,3PL
3,2021,3PL
3,2022,3PL
3,2023,3PL
3,2032,3PL
3,2039,3PL
3,2041,3PL
3,2042,3PL
3,2049,3PL
3,2051,3PL
3,2059,3PL
3,2061,3PL
3,2062,3PL
3,2071,3PL
3,2072,3PL
3,2079,3PL
3,2091,3PL
3,2092,3PL
3,2093,3PL
3,2095,3PL
3,2096,3PL
3,2097,3PL
3,2098,3PL
3,2099,3PL
3,2104,3PP
3,2105,3PP
3,2106,3PP
3,2107,3PL
3,2109,3PL
3,214,3PL
3,215,3PL
3,2161,3PL
3,2162,3PL
3,2169,3PL
3,2172,3PL
3,2182,3PL
3,2183,3PA
3,2184,3PL
3,2185,3PL
3,2186,3PL
3,2187,3PL
3,2188,3PL
3,2189,3PL
3,2199,3PL
3,2212,3PL
3,2231,3PL
3,2239,3PL
3,2241,3PP
3,2242,3PP
3,2250,3PL
3,2251,3PP
3,2252,3PP
3,2253,3PL
3,2260,3PP
3,2261,3PL
3,2262,3PP
3,2263,3PP
3,2264,3PP
3,2271,3PL
3,2279,3PL
3,229,3PL
3,242,3PL
3,244,3PL
3,245,3PL
3,2502,3PL
3,251,3PP
3,252,3PP
3,253,3PA
3,254,3PA
3,2559,3PL
3,2594,3PL
3,2599,3PL
3,2612,3PP
3,2621,3PP
3,2629,3PP
3,2630,3PP
3,2631,3PP
3,2632,3PP
3,2641,3PL
3,2642,3PL
3,2649,3PL
3,2699,3PL
3,270,3PP
3,271,3PL
3,2721,3PL
3,2722,3PL
3,2731,3PP
3,2732,3PP
3,2742,3PL
3,2743,3PL
3,2749,3PL
3,2753,3PL
3,2754,3PL
3,2755,3PL
3,2756,3PL
3,2757,3PL
3,2759,3PL
3,2761,3PL
3,2762,3PP
3,2763,3PP
3,2769,3PP
3,2771,3PL
3,2772,3PL
3,2773,3PL
3,2779,3PL
3,2792,3PL
3,2799,3PL
3,280,3PL
3,2811,3PL
3,2819,3PL
3,282,3PL
3,283,3PP
3,284,3PL
3,285,3PP
3,286,3PL
3,287,3PL
3,2891,3PL
3,2892,3PL
3,2899,3PL
3,290,3PP
3,292,3PP
3,2931,3PL
3,2932,3PL
3,2933,3PP
3,2939,3PP
3,294,3PP
3,2951,3PP
3,2952,3PL
3,2953,3PL
3,2954,3PL
3,2959,3PL
3,2999,3PP
3,3001,3PP
3,3009,3PP
3,3021,3PP
3,3022,3PP
3,3029,3PA
3,313,3PL
3,3145,3PL
3,315,3PL
3,3161,3PA
3,3162,3PL
3,3163,3PL
3,3164,3PA
3,3169,3PP
3,3171,3PP
3,3172,3PP
3,3174,3PP
3,3175,3PA
3,3179,3PP
3,3192,3PP
3,3198,3PL
3,3199,3PP
3,3832,3PP
3,3862,3PP
3,3882,3PP
3,3998,3PP
3,4021,3PL
3,403,3PP
3,4040,3PA
3,4041,3PA
3,4042,3PA
3,4059,3PA
3,409,3PP
3,4201,3PL
3,4209,3PL
3,4210,3PL
3,4221,3PP
3,4225,3PP
3,4232,3PP
3,4240,3PA
3,4241,3PA
3,4242,3PA
3,4252,3PA
3,4256,3PA
3,4259,3PA
3,4262,3PA
3,4282,3PL
3,4284,3PL
3,4289,3PP
3,4319,3PL
3,7601,3PP
3,7609,3PL
3,7611,3PL
3,7619,3PL
3,762,3PP
3,7631,3PA
3,7639,3PA
3,7641,3PA
3,7642,3PA
3,7643,3PA
3,7644,3PA
3,7645,3PA
3,7646,3PA
3,765,3PP
3,7661,3PP
3,7662,3PP
3,7663,3PP
3,7664,3PP
3,7665,3PP
3,7666,3PP
3,7667,3PL
3,7668,3PL
3,7669,3PL
3,7670,3PL
3,7672,3PP
3,7674,3PP
3,7676,3PP
3,7677,3PP
3,7679,3PP
3,7691,3PP
3,7692,3PL
3,7694,3PL
3,7697,3PL
3,7699,3PL
3,7730,3PP
3,7740,3PL
3,7749,3PL
3,7769,3PP
3,7779,3PL
3,7929,3PP
3,7939,3PP
3,7969,3PP
3,8302,3PP
3,8339,3PL
3,8349,3PL
3,864,3PL
3,8663,3PL
3,8667,3PP
3,8670,3PP
3,8671,3PL
3,8672,3PL
3,8674,3PP
3,8675,3PP
3,8681,3PL
3,8684,3PL
3,8687,3PL
3,8689,3PL
3,8691,3PL
3,9227,3PL
3,9814,3PL
4,0716,4PB
4,0780,4PB
4,0781,4PB
4,0782,4PB
4,0783,4PF
4,0784,4PF
4,0791,4PB
4,0793,4PB
4,0795,4PF
4,0798,4PF
4,1769,4PB
4,2161,4PC
4,2189,4PC
4,2769,4PC
4,2772,4PC
4,2773,4PC
4,2779,4PC
4,282,4PC
4,283,4PC
4,285,4PC
4,286,4PC
4,294,4PC
4,3009,4PC
4,3022,4PC
4,3029,4PB
4,313,4PC
4,3145,4PB
4,315,4PC
4,3169,4PC
4,3171,4PB
4,3172,4PC
4,3173,4PB
4,3174,4PB
4,3175,4PB
4,3179,4PB
4,3191,4PC
4,3192,4PC
4,3198,4PC
4,3199,4PC
4,3209,4PB
4,321,4PA
4,3220,4PF
4,3221,4PA
4,3222,4PA
4,3223,4PA
4,3224,4PB
4,3225,4PF
4,3226,4PA
4,3229,4PA
4,3230,4PF
4,3239,4PB
4,3241,4PF
4,3249,4PA
4,3250,4PF
4,3259,4PA
4,326,4PA
4,329,4PB
4,330,4PB
4,331,4PB
4,3320,4PG
4,3325,4PB
4,3327,4PB
4,3328,4PB
4,3329,4PC
4,3334,4PA
4,3339,4PA
4,3341,4PA
4,3342,4PB
4,3343,4PA
4,3348,4PA
4,3349,4PA
4,3392,4PC
4,3393,4PC
4,3398,4PB
4,3399,4PB
4,3402,4PB
4,3403,4PA
4,341,4PB
4,3421,4PG
4,3422,4PG
4,3426,4PB
4,3427,4PC
4,3428,4PB
4,3429,4PC
4,343,4PB
4,344,4PC
4,3451,4PA
4,3452,4PF
4,3459,4PB
4,346,4PB
4,3473,4PA
4,3474,4PB
4,3479,4PB
4,3481,4PC
4,3482,4PB
4,3483,4PB
4,3484,4PB
4,3489,4PB
4,3493,4PB
4,3499,4PC
4,3712,4PB
4,3724,4PB
4,3731,4PA
4,3791,4PB
4,3805,4PA
4,3815,4PA
4,3835,4PA
4,3855,4PB
4,3865,4PB
4,387,4PB
4,3885,4PA
4,3977,4PB
4,3978,4PB
4,3979,4PB
4,3999,4PB
4,4011,4PB
4,4019,4PB
4,4023,4PC
4,4029,4PC
4,4040,4PB
4,4050,4PB
4,4052,4PA
4,4059,4PB
4,4062,4PB
4,4064,4PB
4,5372,4PB
4,5375,4PB
4,5380,4PB
4,5381,4PB
4,5384,4PB
4,6824,4PB
4,6825,4PB
4,7711,4PB
4,7721,4PB
4,7731,4PB
4,7741,4PC
4,7761,4PC
4,7771,4PC
4,7781,4PA
4,7791,4PA
4,7801,4PB
4,7841,4PB
4,7851,4PB
4,8321,4PB
4,8494,4PB
4,9390,4PE
4,9391,4PE
4,9670,4PD
4,9671,4PD
4,9672,4PD
5,0050,5PM
5,0051,5PM
5,0052,5PM
5,0053,5PM
5,0054,5PM
5,0056,5PN
5,0057,5PN
5,0061,5PS
5,0062,5PS
5,0066,5PG
5,0523,5PR
5,0525,5PR
5,0529,5PR
5,1753,5PS
5,1754,5PS
5,1755,5PG
5,1756,5PS
5,2104,5PR
5,3327,5PR
5,3328,5PR
5,341,5PR
5,3429,5PR
5,3500,5PF
5,3501,5PF
5,3502,5PF
5,3503,5PF
5,3504,5PF
5,3505,5PA
5,3506,5PA
5,3507,5PA
5,3508,5PA
5,3509,5PA
5,3510,5PA
5,3511,5PA
5,3512,5PA
5,3513,5PA
5,3514,5PA
5,3520,5PA
5,3521,5PA
5,3522,5PA
5,3523,5PA
5,3524,5PA
5,3525,5PA
5,3526,5PA
5,3527,5PA
5,3528,5PA
5,3531,5PD
5,3532,5PD
5,3533,5PA
5,3534,5PU
5,3535,5PD
5,3539,5PD
5,3542,5PX
5,3550,5PU
5,3551,5PU
5,3552,5PD
5,3553,5PD
5,3554,5PX
5,3555,5PD
5,3560,5PD
5,3561,5PU
5,3562,5PU
5,3563,5PX
5,3570,5PD
5,3571,5PD
5,3572,5PD
5,3573,5PX
5,3581,5PX
5,3582,5PX
5,3583,5PX
5,3584,5PX
5,3591,5PX
5,3592,5PX
5,3593,5PX
5,3594,5PX
5,3595,5PX
5,3596,5PG
5,3597,5PA
5,3598,5PD
5,3599,5PD
5,3603,5PX
5,3609,5PG
5,3610,5PC
5,3611,5PC
5,3612,5PC
5,3613,5PC
5,3614,5PC
5,3615,5PC
5,3616,5PC
5,3617,5PC
5,3619,5PC
5,362,5PD
5,3631,5PD
5,3632,5PD
5,3633,5PD
5,3634,5PD
5,3639,5PD
5,3691,5PD
5,3699,5PD
5,3710,5PD
5,3711,5PU
5,3712,5PF
5,3720,5PH
5,3721,5PT
5,3722,5PT
5,3723,5PT
5,3724,5PF
5,3726,5PH
5,3727,5PH
5,3728,5PT
5,3731,5PF
5,3732,5PD
5,3733,5PD
5,3734,5PG
5,3735,5PD
5,3736,5PD
5,3737,5PG
5,3741,5PF
5,3749,5PF
5,3752,5PF
5,3753,5PF
5,3754,5PF
5,3755,5PS
5,3760,5PF
5,3761,5PF
5,3762,5PF
5,3763,5PF
5,3764,5PS
5,3765,5PF
5,3766,5PF
5,3767,5PF
5,3768,5PF
5,3774,5PN
5,3775,5PN
5,3776,5PN
5,3777,5PN
5,3779,5PN
5,3780,5PN
5,3785,5PN
5,3786,5PN
5,3787,5PN
5,3789,5PN
5,3790,5PF
5,3791,5PF
5,3794,5PM
5,3795,5PM
5,3796,5PM
5,3797,5PM
5,3798,5PM
5,3799,5PF
5,3800,5PS
5,3802,5PS
5,3803,5PS
5,3804,5PF
5,3805,5PF
5,3806,5PF
5,3807,5PF
5,3808,5PS
5,3809,5PQ
5,3810,5PS
5,3812,5PS
5,3813,5PS
5,3814,5PF
5,3815,5PF
5,3816,5PF
5,3818,5PS
5,3821,5PS
5,3826,5PN
5,3829,5PS
5,3830,5PS
5,3832,5PS
5,3833,5PS
5,3834,5PF
5,3835,5PF
5,3836,5PF
5,3838,5PS
5,3839,5PQ
5,3840,5PS
5,3842,5PS
5,3843,5PS
5,3844,5PF
5,3845,5PF
5,3846,5PF
5,3848,5PS
5,3849,5PQ
5,3850,5PQ
5,3852,5PS
5,3853,5PQ
5,3855,5PF
5,3857,5PS
5,3859,5PQ
5,3860,5PS
5,3862,5PS
5,3863,5PS
5,3864,5PF
5,3865,5PF
5,3866,5PF
5,3867,5PF
5,3868,5PS
5,3869,5PQ
5,387,5PS
5,3880,5PS
5,3882,5PS
5,3883,5PS
5,3884,5PF
5,3885,5PF
5,3886,5PF
5,3887,5PF
5,3888,5PS
5,3889,5PQ
5,390,5PF
5,3921,5PF
5,3922,5PF
5,3923,5PF
5,3924,5PF
5,3925,5PF
5,3926,5PF
5,3927,5PR
5,3929,5PS
5,3930,5PS
5,3931,5PS
5,3932,5PQ
5,3941,5PS
5,3942,5PR
5,3943,5PR
5,3949,5PS
5,3950,5PS
5,3951,5PS
5,3952,5PF
5,3953,5PS
5,3954,5PF
5,3955,5PS
5,3956,5PS
5,3957,5PS
5,3958,5PS
5,3959,5PS
5,3971,5PF
5,3972,5PF
5,3973,5PF
5,3974,5PF
5,3975,5PF
5,3976,5PF
5,3977,5PF
5,3978,5PF
5,3979,5PF
5,3991,5PS
5,3992,5PQ
5,3993,5PR
5,3994,5PS
5,3998,5PR
5,3999,5PS
5,415,5PR
5,5493,5PR
5,5495,5PR
5,6824,5PF
5,6825,5PF
5,8332,5PR
5,8339,5PR
5,8344,5PR
5,8345,5PR
5,8349,5PR
5,8400,5PL
5,8401,5PL
5,8402,5PL
5,8403,5PL
5,8404,5PL
5,8405,5PL
5,8406,5PL
5,8407,5PJ
5,8410,5PJ
5,8411,5PL
5,8412,5PJ
5,8413,5PJ
5,8414,5PJ
5,8415,5PJ
5,8416,5PJ
5,8417,5PJ
5,8418,5PJ
5,8419,5PJ
5,843,5PL
5,8491,5PJ
5,8622,5PR
5,8622*1,5PW
5,8669,5PR
5,8670,5PR
5,8672,5PR
5,8674,5PR
5,8675,5PR
5,8852,5PT
5,8853,5PT
5,8854,5PT
5,8855,5PT
5,8856,5PT
5,8857,5PT
5,8858,5PT
5,C4445,5PE
5,C5657,5PK
5,C7080,5PK
5,C7081,5PK
5,C7082,5PK
5,C7085,5PK
5,C7086,5PK
5,C7087,5PK
5,C7180,5PK
5,C7181,5PK
5,C7182,5PK
5,C7185,5PK
5,C7186,5PK
5,C7187,5PK
5,C7280,5PK
5,C7283,5PK
5,C7380,5PK
5,C7381,5PK
5,C7382,5PK
5,C7385,5PK
5,C7386,5PK
5,C7387,5PK
5,C7480,5PK
5,C7481,5PK
5,C7482,5PK
5,C7483,5PK
5,C7485,5PK
5,C7486,5PK
5,C7487,5PK
5,C7680,5PK
5,C7685,5PK
5,C7686,5PK
5,C7687,5PK
5,CK001,5PV
5,CK002,5PV
5,CK003,5PV
5,CK004,5PV
5,CK005,5PV
5,CK006,5PV
5,CK007,5PV
5,CK008,5PV
5,CK009,5PV
5,CK010,5PV
5,CK011,5PV
5,CK012,5PV
5,CK013,5PV
5,CK014,5PV
5,CK015,5PV
5,CK016,5PV
5,CK017,5PV
5,CK018,5PV
5,CK019,5PV
5,CK020,5PV
5,CK021,5PV
5,CK022,5PV
5,CK023,5PV
5,CK024,5PV
5,CK025,5PV
5,CK026,5PV
5,CK027,5PV
6,1711,6PZ
6,1712,6PZ
6,1713,6PZ
6,1721,6PZ
6,1722,6PZ
6,1723,6PZ
6,1724,6PZ
6,1731,6PX
6,1732,6PX
6,1733,6PX
6,1734,6PX
6,1735,6PX
6,1736,6PX
6,1739,6PX
6,2931,6QC
6,3806,6PB
6,3807,6PK
6,3816,6PB
6,3836,6PB
6,3846,6PB
6,3847,6PB
6,3857,6PK
6,3866,6PB
6,3867,6PK
6,3886,6PK
6,3887,6PK
6,3926,6PB
6,3998,6PK
6,4011,6PK
6,4019,6PK
6,4029,6PK
6,4052,6PK
6,4053,6PK
6,4059,6PK
6,415,6PK
6,4209,6QC
6,4210,6QC
6,4211,6QC
6,4212,6QC
6,4219,6QC
6,4221,6QC
6,4222,6PN
6,4223,6PN
6,4223*1,6QD
6,4224,6PN
6,4225,6QC
6,4231,6QC
6,4232,6QC
6,4233,6PM
6,4239,6QC
6,4240,6QB
6,4241,6QB
6,4242,6QB
6,4251,6QB
6,4252,6QB
6,4253,6QB
6,4254,6QB
6,4255,6QB
6,4256,6QB
6,4258,6QB
6,4259,6QB
6,4262,6QB
6,4263,6QB
6,4264,6QB
6,4265,6QB
6,4266,6QB
6,4268,6QB
6,4269,6QB
6,427,6QC
6,4281,6PR
6,4282,6QC
6,4283,6QC
6,4284,6QC
6,4285,6QC
6,4287,6QC
6,4289,6QC
6,4291,6QC
6,4292,6PN
6,4292*1,6QD
6,430,6PE
6,4311,6PM
6,4319,6PE
6,433,6PL
6,4341,6PM
6,4342,6PE
6,4349,6PE
6,435,6PV
6,436,6PV
6,437,6PV
6,4381,6PV
6,4382,6PV
6,4389,6PV
6,4391,6PV
6,4399,6PV
6,4400,6PE
6,4401,6PE
6,4402,6PE
6,4403,6PE
6,4411,6PE
6,4412,6PN
6,4413,6PN
6,4413*1,6QD
6,4414,6PN
6,4415,6PE
6,4421,6PE
6,4422,6PM
6,4429,6PE
6,4431,6PE
6,4432,6PE
6,4438,6PS
6,4439,6PE
6,4440,6PE
6,4441,6PE
6,4442,6PE
6,4443,6PM
6,4444,6PE
6,445,6PE
6,4461,6PE
6,4463,6PE
6,4464,6PE
6,4465,6PE
6,4466,6PE
6,4467,6PS
6,4468,6PS
6,4469,6PE
6,4491,6PE
6,4492,6PE
6,4493,6PM
6,4494,6PM
6,4499,6PE
6,4500,6PD
6,4501,6PE
6,4502,6PD
6,4503,6PD
6,4511,6PD
6,4512,6PN
6,4513,6PN
6,4513*1,6QD
6,4514,6PN
6,4515,6PD
6,4516,6PN
6,4516*1,6QD
6,4521,6PD
6,4522,6PQ
6,4523,6PQ
6,4523*1,6QD
6,4524,6PQ
6,4524*1,6QD
6,4525,6PQ
6,4525*1,6QD
6,4526,6PD
6,4530,6PM
6,4531,6PE
6,4532,6PE
6,4533,6PF
6,4534,6PD
6,4541,6PF
6,4542,6PP
6,4542*1,6QD
6,4543,6PP
6,4549,6PD
6,4550,6PB
6,4551,6PB
6,4552,6PB
6,4561,6PB
6,4562,6PB
6,4563,6PB
6,4571,6PB
6,4572,6PB
6,4573,6PB
6,4574,6PB
6,4575,6PB
6,4576,6PB
6,4579,6PB
6,4581,6PX
6,4582,6PB
6,4583,6PB
6,4590,6PB
6,4591,6PB
6,4592,6PB
6,4593,6PB
6,4594,6PB
6,4595,6PB
6,4601,6PB
6,4602,6PB
6,4603,6PB
6,4604,6PB
6,4610,6PB
6,4611,6PB
6,4613,6PB
6,4620,6PB
6,4621,6PB
6,4622,6PB
6,4623,6PB
6,4639,6PE
6,4640,6PF
6,4641,6PF
6,4642,6PF
6,4643,6PF
6,4650,6PD
6,4651,6PD
6,4652,6PD
6,4660,6PD
6,4661,6PD
6,4662,6PD
6,4663,6PD
6,4664,6PD
6,4671,6PE
6,4672,6PE
6,4673,6PB
6,4674,6PB
6,4675,6PB
6,4676,6PB
6,4679,6PB
6,4680,6PB
6,4681,6PB
6,4682,6PB
6,4685,6PP
6,4686,6PR
6,4687,6PR
6,4691,6PB
6,4692,6PB
6,4693,6PB
6,4694,6PB
6,4697,6PB
6,4699,6PB
6,4701,6PU
6,4709,6PJ
6,4711,6PU
6,4719,6PJ
6,472,6PJ
6,4791,6PD
6,4792,6PD
6,4799,6PJ
6,480,6PD
6,481,6PB
6,4821,6PD
6,4825,6PD
6,4835,6PF
6,4840,6PA
6,4841,6PA
6,4842,6PW
6,4843,6PA
6,4849,6PA
6,4850,6PA
6,4851,6PW
6,4852,6PA
6,4859,6PA
6,4861,6PA
6,4862,6PA
6,4863,6PA
6,4864,6PA
6,4865,6PA
6,4869,6PA
6,4871,6PD
6,4872,6PD
6,4873,6PF
6,4874,6PB
6,4875,6PD
6,4876,6PB
6,4879,6PF
6,4881,6PF
6,4882,6PF
6,4891,6PF
6,4892,6PF
6,4893,6PF
6,4899,6PF
6,4901,6PF
6,4902,6PF
6,4904,6PF
6,4911,6PF
6,4912,6PF
6,4939,6PF
6,4944,6PF
6,4945,6PF
6,4946,6PF
6,4949,6PF
6,4951,6PF
6,4952,6PF
6,4959,6PF
6,496,6PF
6,4971,6PF
6,4972,6PF
6,4973,6PF
6,4974,6PK
6,4975,6PF
6,4976,6PF
6,4979,6PF
6,4991,6PF
6,4992,6PF
6,4993,6PF
6,4994,6PF
6,4995,6PF
6,4999,6PF
6,5019,6PK
6,5103,6PK
6,5113,6PK
6,5119,6PK
6,5162,6PK
6,5163,6PK
6,5219,6PK
6,527,6PV
6,5299,6PK
6,5300,6PH
6,5301,6PH
6,5302,6PH
6,5303,6PH
6,5304,6PH
6,5305,6PH
6,5310,6PH
6,5311,6PH
6,5312,6PH
6,5313,6PH
6,5314,6PH
6,5315,6PH
6,5316,6PH
6,5317,6PH
6,5321,6PH
6,5329,6PH
6,5331,6PH
6,5339,6PH
6,5341,6PG
6,5342,6PY
6,5343,6PY
6,5349,6PG
6,5351,6PG
6,5359,6PG
6,5361,6PG
6,5362,6PY
6,5363,6PY
6,5369,6PG
6,5371,6PS
6,5372,6PE
6,5375,6PE
6,5380,6PE
6,5381,6PE
6,5382,6PE
6,5383,6PS
6,5384,6PE
6,539,6PG
6,540,6PK
6,5411,6PK
6,5412,6PK
6,5419,6PK
6,5421,6PK
6,5422,6PK
6,5423,6PK
6,5429,6PK
6,543,6PK
6,544,6PK
6,5451,6PT
6,5459,6PC
6,5461,6PK
6,5462,6PK
6,5463,6PK
6,5464,6PK
6,5471,6PG
6,5472,6PG
6,5473,6PK
6,5474,6PK
6,5475,6PK
6,5492,6PK
6,5494,6PK
6,5495,6PK
6,5783,6PB
6,688,6PA
6,7050,6PK
6,7052,6PD
6,7072,6PD
6,7073,6PD
6,7074,6PD
6,8606,6PK
6,9802,6PN
6,9803,6PN
6,9804,6PP
6,CG001,6QD
6,CG002,6QD
6,CG003,6QD
6,CG004,6QD
6,CG005,6QD
6,CG006,6QD
6,CG007,6QD
6,CG008,6QD
6,CG009,6QD
6,CG010,6QD
6,CG011,6QD
6,CG012,6QD
6,CG013,6QD
6,CG014,6QD
6,CG015,6QD
6,CG016,6QD
6,CG017,6QD
6,CG018,6QD
6,CG019,6QD
6,CG020,6QD
6,CG021,6QD
6,CG022,6QD
6,CG023,6QD
6,CG024,6QD
6,CG025,6QD
6,CG026,6QD
6,CG027,6QD
6,CG028,6QD
6,CG029,6QD
6,CG030,6QD
6,CG031,6QD
6,CG032,6QD
6,CG033,6QD
6,CG034,6QD
6,CG035,6QD
6,CG036,6QD
6,CG037,6QD
6,CG038,6QD
6,CG039,6QD
6,CG040,6QD
6,CG041,6QD
6,CG042,6QD
6,CG043,6QD
6,CG044,6QD
6,CG045,6QD
6,CG046,6QD
6,CG047,6QD
6,CG048,6QD
6,CG049,6QD
6,CG050,6QD
6,CG051,6QD
6,CG052,6QD
6,CG053,6QD
6,CG054,6QD
6,CG055,6QD
6,CG056,6QD
6,CG057,6QD
6,CG058,6QD
6,CG059,6QD
7,1763,7PG
7,3886,7PG
7,391,7PL
7,3926,7PL
7,4291,7PE
7,4411,7PD
7,4491,7PE
7,4681,7PE
7,500,7PG
7,5012,7PD
7,5014,7PJ
7,5019,7PD
7,5021,7PG
7,5022,7PK
7,5023,7PK
7,5024,7PK
7,5025,7PJ
7,5026,7PK
7,5029,7PG
7,503,7PK
7,504,7PK
7,5061,7PG
7,5069,7PG
7,5102,7PB
7,5103,7PB
7,5104,7PB
7,5113,7PD
7,5119,7PD
7,5121,7PC
7,5122,7PC
7,5123,7PF
7,5124,7PF
7,5131,7PB
7,5132,7PB
7,5133,7PB
7,5134,7PB
7,5135,7PB
7,5136,7PB
7,5137,7PB
7,5139,7PB
7,5141,7PB
7,5142,7PB
7,5143,7PG
7,5149,7PB
7,5151,7PB
7,5159,7PB
7,5161,7PB
7,5162,7PB
7,5163,7PB
7,5164,7PH
7,5169,7PB
7,5171,7PB
7,5172,7PB
7,5179,7PB
7,5181,7PB
7,5182,7PG
7,5183,7PG
7,5184,7PH
7,5185,7PH
7,5186,7PH
7,5187,7PH
7,5188,7PH
7,5189,7PB
7,5191,7PB
7,5192,7PB
7,5193,7PB
7,5194,7PB
7,5195,7PB
7,5199,7PB
7,5201,7PG
7,5209,7PG
7,5212,7PD
7,5219,7PD
7,5221,7PH
7,5222,7PG
7,523,7PG
7,524,7PG
7,5251,7PA
7,5252,7PA
7,5253,7PA
7,5259,7PA
7,526,7PA
7,527,7PA
7,5280,7PG
7,5281,7PG
7,5282,7PG
7,5283,7PG
7,5284,7PG
7,5285,7PG
7,5286,7PG
7,5292,7PG
7,5293,7PH
7,5294,7PH
7,5295,7PG
7,5296,7PG
7,5297,7PH
7,5298,7PH
7,5299,7PG
7,5411,7PD
7,5412,7PE
7,5419,7PD
7,5421,7PD
7,8753,7PD
7,CE023,7PE
7,CE024,7PE
7,CE025,7PE
8,0070,8PW
8,0070>1,8QD
8,0071,8PW
8,0071>1,8QD
8,0072,8PW
8,0072>1,8QD
8,0073,8PW
8,0073>1,8QD
8,0080,8PX
8,0080>1,8QD
8,0081,8PX
8,0081>1,8QD
8,0082,8PX
8,0082>1,8QD
8,0083,8PX
8,0083>1,8QD
8,0084,8PX
8,0084>1,8QD
8,0085,8PA
8,0085>1,8QD
8,0086,8PV
8,0086>1,8QD
8,0087,8PV
8,0087>1,8QD
8,0115,8PG
8,0119,8PG
8,016,8PP
8,0201,8PU
8,0203,8PU
8,0204,8PU
8,0205,8PU
8,0206,8PU
8,0207,8PU
8,0294,8PU
8,0299,8PU
8,0302,8PE
8,0309,8PE
8,031,8PE
8,0332,8PE
8,0339,8PE
8,034,8PE
8,0353,8PE
8,0359,8PE
8,036,8PE
8,0394,8PE
8,0397,8PE
8,0399,8PE
8,0403,8PU
8,0404,8PU
8,0407,8PU
8,0412,8PU
8,0419,8PU
8,0443,8PN
8,0444,8PP
8,0449,8PU
8,0499,8PU
8,1651,8PU
8,1659,8PU
8,2172,8PU
8,2185,8PU
8,2187,8PU
8,2188,8PU
8,344,8PP
8,3821,8PU
8,4054,8PU
8,540,8PS
8,543,8PS
8,5900,8PU
8,7601,8PU
8,7609,8PP
8,7611,8PG
8,762,8PP
8,7631,8PU
8,7639,8PU
8,7641,8PU
8,7642,8PU
8,7643,8PU
8,7644,8PU
8,7645,8PU
8,7646,8PU
8,765,8PU
8,7662,8PU
8,7663,8PU
8,7664,8PU
8,7665,8PU
8,7666,8PU
8,7667,8PU
8,7668,8PU
8,7669,8PU
8,7672,8PU
8,7674,8PU
8,7676,8PU
8,7677,8PU
8,7679,8PU
8,7691,8PU
8,7692,8PU
8,7694,8PU
8,7697,8PP
8,7699,8PU
8,7700,8PU
8,7701,8PU
8,7702,8PM
8,7703,8PL
8,7704,8PN
8,7705,8PJ
8,7706,8PK
8,7707,8PM
8,7708,8PP
8,7709,8PU
8,7710,8PP
8,7711,8PP
8,7712,8PP
8,7713,8PP
8,7714,8PN
8,7715,8PQ
8,7716,8PP
8,7717,8PP
8,7718,8PP
8,7719,8PP
8,7720,8PU
8,7721,8PU
8,7722,8PM
8,7723,8PL
8,7724,8PN
8,7725,8PJ
8,7726,8PK
8,7727,8PM
8,7728,8PP
8,7729,8PU
8,7730,8PU
8,7731,8PU
8,7732,8PM
8,7733,8PL
8,7734,8PN
8,7735,8PJ
8,7736,8PK
8,7737,8PM
8,7738,8PP
8,7739,8PU
8,7740,8PG
8,7741,8PG
8,7742,8PG
8,7743,8PG
8,7744,8PN
8,7745,8PG
8,7746,8PG
8,7747,8PG
8,7748,8PG
8,7749,8PG
8,7751,8PP
8,7752,8PP
8,7753,8PP
8,7754,8PP
8,7756,8PP
8,7757,8PP
8,7758,8PP
8,7759,8PP
8,7760,8PP
8,7761,8PP
8,7762,8PP
8,7763,8PP
8,7764,8PN
8,7765,8PQ
8,7766,8PP
8,7767,8PP
8,7768,8PP
8,7769,8PP
8,7770,8PP
8,7771,8PP
8,7772,8PP
8,7773,8PP
8,7774,8PN
8,7775,8PQ
8,7776,8PP
8,7777,8PP
8,7778,8PP
8,7779,8PP
8,7780,8PU
8,7781,8PU
8,7782,8PM
8,7783,8PL
8,7784,8PN
8,7785,8PJ
8,7786,8PK
8,7787,8PM
8,7788,8PP
8,7789,8PU
8,7790,8PU
8,7791,8PU
8,7792,8PM
8,7793,8PL
8,7794,8PN
8,7795,8PJ
8,7796,8PK
8,7797,8PM
8,7798,8PP
8,7799,8PU
8,7800,8PU
8,7801,8PU
8,7802,8PM
8,7803,8PL
8,7804,8PN
8,7805,8PJ
8,7806,8PK
8,7807,8PM
8,7808,8PP
8,7809,8PU
8,7810,8PU
8,7811,8PU
8,7812,8PM
8,7813,8PL
8,7814,8PN
8,7815,8PJ
8,7816,8PK
8,7817,8PM
8,7818,8PP
8,7819,8PU
8,7820,8PU
8,7822,8PM
8,7823,8PL
8,7824,8PN
8,7825,8PJ
8,7827,8PM
8,7828,8PP
8,7829,8PU
8,7830,8PU
8,7832,8PM
8,7833,8PL
8,7834,8PN
8,7835,8PJ
8,7837,8PM
8,7838,8PP
8,7839,8PU
8,7840,8PU
8,7841,8PU
8,7842,8PM
8,7843,8PL
8,7844,8PN
8,7845,8PJ
8,7846,8PK
8,7847,8PM
8,7848,8PP
8,7849,8PU
8,7850,8PU
8,7851,8PU
8,7852,8PM
8,7853,8PL
8,7854,8PN
8,7855,8PJ
8,7856,8PK
8,7857,8PM
8,7858,8PP
8,7859,8PU
8,7860,8PP
8,7861,8PP
8,7862,8PP
8,7863,8PP
8,7864,8PP
8,7865,8PQ
8,7866,8PP
8,7867,8PP
8,7868,8PP
8,7869,8PP
8,7870,8PU
8,7871,8PU
8,7872,8PM
8,7873,8PL
8,7874,8PN
8,7875,8PJ
8,7876,8PK
8,7877,8PM
8,7878,8PP
8,7879,8PU
8,7880,8PG
8,7881,8PG
8,7882,8PG
8,7883,8PG
8,7884,8PN
8,7885,8PG
8,7886,8PG
8,7887,8PG
8,7888,8PP
8,7889,8PG
8,7890,8PU
8,7891,8PU
8,7892,8PM
8,7893,8PL
8,7894,8PN
8,7895,8PJ
8,7896,8PK
8,7897,8PM
8,7898,8PP
8,7899,8PU
8,7910,8PU
8,7911,8PM
8,7912,8PL
8,7913,8PN
8,7914,8PN
8,7915,8PJ
8,7916,8PM
8,7917,8PP
8,7918,8PP
8,7919,8PU
8,7920,8PU
8,7921,8PM
8,7922,8PL
8,7923,8PN
8,7924,8PN
8,7925,8PJ
8,7926,8PM
8,7927,8PP
8,7928,8PP
8,7929,8PU
8,7930,8PU
8,7931,8PM
8,7932,8PL
8,7933,8PN
8,7934,8PN
8,7935,8PJ
8,7936,8PM
8,7937,8PP
8,7938,8PP
8,7939,8PU
8,7940,8PU
8,7941,8PM
8,7942,8PL
8,7945,8PJ
8,7946,8PM
8,7949,8PU
8,7951,8PM
8,7952,8PL
8,7955,8PJ
8,7956,8PM
8,7959,8PU
8,7960,8PU
8,7961,8PM
8,7962,8PL
8,7963,8PN
8,7964,8PN
8,7965,8PJ
8,7966,8PM
8,7967,8PP
8,7968,8PP
8,7969,8PU
8,7980,8PU
8,7981,8PL
8,7982,8PL
8,7983,8PN
8,7984,8PN
8,7985,8PJ
8,7986,8PK
8,7987,8PM
8,7988,8PP
8,7989,8PU
8,7991,8PM
8,7992,8PL
8,7993,8PN
8,7994,8PN
8,7995,8PJ
8,7996,8PM
8,7997,8PM
8,8000,8PP
8,8001,8PP
8,8002,8PP
8,8003,8PP
8,8004,8PP
8,8005,8PJ
8,8006,8PP
8,8007,8PP
8,8008,8PP
8,8009,8PP
8,8010,8PU
8,8011,8PL
8,8012,8PL
8,8013,8PN
8,8014,8PN
8,8015,8PJ
8,8016,8PK
8,8017,8PM
8,8018,8PP
8,8019,8PU
8,8020,8PT
8,8021,8PT
8,8022,8PT
8,8023,8PT
8,8024,8PT
8,8025,8PT
8,8026,8PT
8,8027,8PT
8,8028,8PT
8,8029,8PT
8,8031,8PG
8,8032,8PG
8,8033,8PG
8,8034,8PG
8,8035,8PG
8,8036,8PG
8,8037,8PG
8,8038,8PG
8,8039,8PG
8,8040,8PU
8,8041,8PL
8,8042,8PL
8,8043,8PN
8,8044,8PN
8,8045,8PJ
8,8046,8PK
8,8047,8PM
8,8048,8PP
8,8049,8PU
8,8050,8PE
8,8051,8PE
8,8053,8PE
8,8054,8PE
8,8059,8PE
8,806,8PK
8,8070,8PS
8,8071,8PL
8,8072,8PL
8,8073,8PN
8,8074,8PN
8,8075,8PJ
8,8076,8PK
8,8077,8PM
8,8078,8PP
8,8079,8PS
8,8080,8PP
8,8081,8PP
8,8082,8PP
8,8083,8PN
8,8084,8PN
8,8085,8PQ
8,8086,8PP
8,8087,8PM
8,8088,8PP
8,8089,8PP
8,8090,8PU
8,8091,8PL
8,8092,8PL
8,8093,8PN
8,8094,8PN
8,8095,8PJ
8,8096,8PK
8,8097,8PM
8,8098,8PP
8,8099,8PM
8,8100,8PD
8,8101,8PD
8,8102,8PD
8,8103,8PD
8,8104,8PD
8,8105,8PD
8,8106,8PD
8,8107,8PD
8,8108,8PD
8,8111,8PM
8,8112,8PM
8,8113,8PP
8,8114,8PP
8,8115,8PP
8,8116,8PP
8,8117,8PP
8,8118,8PP
8,8120,8PU
8,8121,8PJ
8,8122,8PK
8,8123,8PL
8,8124,8PL
8,8125,8PN
8,8126,8PN
8,8127,8PN
8,8128,8PN
8,8129,8PU
8,8130,8PD
8,8131,8PD
8,8132,8PD
8,8133,8PD
8,8134,8PD
8,8135,8PD
8,8136,8PD
8,8137,8PD
8,8138,8PD
8,8139,8PD
8,8140,8PJ
8,8142,8PK
8,8143,8PK
8,8144,8PK
8,8145,8PK
8,8146,8PK
8,8147,8PK
8,8149,8PM
8,8151,8PA
8,8151>1,8QD
8,8152,8PV
8,8152>1,8QD
8,8153,8PW
8,8153>1,8QD
8,8154,8PB
8,8154>1,8QD
8,8155,8PX
8,8155>1,8QD
8,8156,8PC
8,8156>1,8QD
8,8157,8PP
8,8159,8PU
8,8165,8PU
8,8166,8PU
8,8171,8PN
8,8172,8PN
8,8173,8PC
8,8174,8PN
8,8175,8PN
8,8179,8PN
8,8180,8PC
8,8181,8PC
8,8182,8PL
8,8183,8PL
8,8184,8PC
8,8185,8PL
8,8188,8PC
8,8193,8PL
8,8194,8PP
8,8195,8PS
8,8196,8PU
8,8197,8PU
8,8198,8PG
8,8199,8PU
8,8201,8PN
8,8202,8PN
8,8203,8PN
8,8209,8PN
8,8211,8PN
8,8212,8PN
8,8219,8PN
8,8221,8PN
8,8222,8PN
8,8229,8PN
8,8231,8PN
8,8232,8PN
8,8233,8PN
8,8234,8PN
8,8235,8PN
8,8236,8PN
8,8239,8PN
8,8241,8PN
8,8242,8PN
8,8243,8PN
8,8244,8PN
8,8245,8PN
8,8246,8PN
8,8251,8PN
8,8252,8PN
8,8253,8PN
8,8254,8PN
8,8255,8PN
8,8256,8PN
8,8257,8PN
8,8258,8PN
8,8259,8PN
8,8261,8PN
8,8269,8PN
8,8271,8PN
8,8272,8PN
8,8279,8PN
8,8281,8PN
8,8282,8PN
8,8283,8PN
8,8284,8PN
8,8285,8PN
8,8286,8PN
8,8289,8PN
8,8291,8PN
8,8299,8PN
8,8301,8PS
8,8302,8PS
8,8303,8PS
8,8309,8PS
8,8311,8PP
8,8312,8PJ
8,8313,8PS
8,8314,8PS
8,8319,8PS
8,8321,8PS
8,8329,8PS
8,8331,8PS
8,8332,8PS
8,8339,8PS
8,8341,8PS
8,8342,8PS
8,8343,8PS
8,8344,8PS
8,8345,8PS
8,8349,8PS
8,835,8PS
8,8361,8PS
8,8362,8PS
8,8363,8PL
8,8364,8PS
8,8365,8PS
8,8371,8PS
8,8372,8PS
8,8373,8PS
8,8374,8PS
8,8375,8PS
8,8376,8PS
8,8377,8PS
8,8379,8PS
8,8381,8PS
8,8382,8PS
8,8383,8PS
8,8384,8PP
8,8385,8PS
8,8386,8PS
8,8387,8PS
8,8388,8PS
8,8389,8PS
8,8391,8PS
8,8392,8PS
8,8393,8PS
8,8399,8PS
8,8400,8PN
8,8401,8PN
8,8402,8PN
8,8403,8PF
8,8404,8PF
8,8405,8PF
8,8406,8PF
8,8407,8PF
8,8408,8PF
8,8409,8PF
8,8410,8PP
8,8411,8PP
8,8412,8PF
8,8413,8PF
8,8414,8PF
8,8415,8PF
8,8416,8PF
8,8417,8PF
8,8418,8PF
8,8419,8PF
8,8421,8PN
8,8422,8PN
8,8423,8PC
8,8424,8PC
8,8425,8PP
8,8426,8PC
8,8428,8PC
8,8429,8PU
8,843,8PU
8,8440,8PU
8,8444,8PL
8,8448,8PM
8,8459,8PE
8,8460,8PE
8,8461,8PE
8,8462,8PE
8,8463,8PE
8,8464,8PE
8,8465,8PE
8,8466,8PE
8,8467,8PE
8,8468,8PE
8,8469,8PE
8,8480,8PE
8,8481,8PU
8,8482,8PE
8,8483,8PU
8,8484,8PE
8,8485,8PU
8,8491,8PU
8,8492,8PU
8,8493,8PU
8,8494,8PU
8,8499,8PU
8,8622,8QA
8,8622*1,8QB
8,8622*4,8QF
8,864,8PS
8,8660,8PH
8,8661,8PN
8,8662,8PN
8,8663,8PH
8,8665,8PH
8,8666,8PH
8,8669,8PH
8,8670,8PH
8,8672,8PH
8,8673,8PN
8,8674,8PH
8,8675,8PH
8,8681,8PS
8,8685,8PN
8,9971,8QE
9,0203,9PF
9,0204,9PF
9,0205,9PF
9,0206,9PF
9,0609,9PH
9,0820,9PH
9,0822,9PH
9,0823,9PH
9,0824,9PH
9,0825,9PH
9,0838,9PF
9,0852,9PF
9,0859,9PF
9,0861,9PF
9,0862,9PF
9,0863,9PF
9,0864,9PF
9,0869,9PF
9,0870,9PF
9,0871,9PF
9,0873,9PF
9,0874,9PF
9,0899,9PH
9,1821,9PH
9,1831,9PH
9,1839,9PH
9,186,9PF
9,1871,9PF
9,1879,9PF
9,189,9PH
9,214,9PH
9,2183,9PF
9,2185,9PF
9,2186,9PF
9,2187,9PF
9,2188,9PF
9,2189,9PF
9,2199,9PF
9,270,9PH
9,2742,9PH
9,2743,9PH
9,2754,9PH
9,2755,9PF
9,2756,9PF
9,2757,9PH
9,2759,9PH
9,2792,9PH
9,344,9PH
9,3479,9PH
9,3929,9PH
9,400,9PH
9,4011,9PH
9,4019,9PH
9,4021,9PH
9,4022,9PH
9,4023,9PH
9,4024,9PH
9,4029,9PH
9,403,9PH
9,4040,9PH
9,4041,9PH
9,4042,9PH
9,4050,9PH
9,4051,9PH
9,4054,9PH
9,409,9PH
9,4835,9PH
9,4873,9PH
9,4882,9PH
9,4901,9PE
9,4902,9PE
9,4904,9PE
9,4911,9PE
9,4912,9PH
9,4939,9PE
9,4973,9PH
9,540,9PH
9,5422,9PH
9,543,9PH
9,5463,9PH
9,5472,9PH
9,6411,9PH
9,642,9PH
9,6449,9PH
9,6551,9PH
9,6553,9PH
9,6561,9PH
9,6563,9PH
9,7024,9PH
9,7033,9PH
9,7109,9PH
9,7111,9PH
9,7119,9PH
9,713,9PH
9,7171,9PH
9,7728,9PH
9,7749,9PH
9,8209,9PH
9,8221,9PH
9,8229,9PH
9,8239,9PH
9,8241,9PH
9,8242,9PH
9,8243,9PH
9,8244,9PH
9,8245,9PH
9,8246,9PH
9,8279,9PH
9,8289,9PF
9,8291,9PH
9,8302,9PH
9,8309,9PH
9,8314,9PH
9,8321,9PH
9,8332,9PH
9,8339,9PH
9,8349,9PH
9,8361,9PH
9,8364,9PH
9,8365,9PH
9,8387,9PH
9,8388,9PH
9,8389,9PH
9,8400,9PH
9,8401,9PH
9,8402,9PH
9,8411,9PH
9,8412,9PH
9,8414,9PH
9,8415,9PH
9,8417,9PH
9,8418,9PH
9,843,9PH
9,8491,9PH
9,8512,9PC
9,8520,9PC
9,8521,9PC
9,8522,9PB
9,8523,9PB
9,8524,9PB
9,8525,9PB
9,8531,9PA
9,8532,9PA
9,8533,9PA
9,8534,9PA
9,8535,9PA
9,8536,9PA
9,8541,9PA
9,8542,9PA
9,8543,9PA
9,8544,9PA
9,8545,9PA
9,8546,9PA
9,8547,9PA
9,8548,9PA
9,8550,9PB
9,8553,9PB
9,8554,9PB
9,8555,9PB
9,856,9PB
9,8570,9PA
9,8571,9PA
9,8572,9PA
9,8573,9PA
9,8574,9PA
9,8575,9PA
9,8576,9PA
9,8579,9PA
9,8582,9PD
9,8583,9PD
9,8584,9PD
9,8585,9PD
9,8586,9PB
9,8587,9PB
9,8589,9PB
9,8593,9PB
9,8594,9PB
9,8595,9PB
9,8596,9PB
9,8599,9PB
9,8609,9PH
9,8621,9PE
9,8622,9PD
9,8625,9PF
9,863,9PH
9,864,9PD
9,8660,9PD
9,8661,9PD
9,8662,9PD
9,8663,9PD
9,8666,9PD
9,8667,9PD
9,8669,9PD
9,8670,9PJ
9,8671,9PJ
9,8672,9PJ
9,8673,9PJ
9,8674,9PJ
9,8675,9PJ
9,8681,9PF
9,8682,9PF
9,8683,9PF
9,8684,9PF
9,8687,9PF
9,8689,9PF
9,8690,9PF
9,8691,9PD
9,8693,9PJ
10,0602,10PG
10,0609,10PG
10,0612,10PG
10,0613,10PF
10,0619,10PG
10,062,10PG
10,0631,10PG
10,0639,10PG
10,064,10PG
10,0650,10PG
10,0651,10PG
10,0652,10PG
10,066,10PG
10,067,10PH
10,0681,10PF
10,0689,10PF
10,0691,10PG
10,0692,10PG
10,0693,10PG
10,0694,10PG
10,0695,10PG
10,0698,10PG
10,0699,10PF
10,0700,10PA
10,0701,10PA
10,0702,10PA
10,0712,10PA
10,0713,10PB
10,0714,10PB
10,0715,10PB
10,0719,10PA
10,0721,10PA
10,0722,10PA
10,0729,10PA
10,073,10PA
10,0741,10PA
10,0742,10PA
10,0745,10PA
10,0749,10PA
10,0761,10PB
10,0762,10PB
10,0763,10PB
10,0764,10PB
10,0765,10PB
10,0768,10PB
10,0769,10PB
10,0771,10PB
10,0772,10PB
10,0779,10PB
10,3802,10PJ
10,3803,10PJ
10,3808,10PJ
10,3821,10PJ
10,3829,10PJ
10,3833,10PJ
10,3863,10PJ
10,4021,10PJ
10,403,10PJ
10,4040,10PJ
10,4041,10PJ
10,4042,10PJ
10,437,10PJ
10,4382,10PK
10,4431,10PE
10,4432,10PE
10,4438,10PK
10,4439,10PE
10,4468,10PK
10,4495,10PK
10,4496,10PK
10,4497,10PK
10,4498,10PK
10,4591,10PE
10,4593,10PJ
10,5212,10PJ
10,5219,10PJ
10,5222,10PJ
10,5251,10PJ
10,5252,10PJ
10,5259,10PJ
10,5284,10PJ
10,5285,10PJ
10,5286,10PJ
10,544,10PJ
10,7761,10PJ
10,7769,10PJ
10,7789,10PJ
10,8111,10PJ
10,8411,10PC
10,8412,10PC
10,8415,10PC
10,8417,10PC
10,8521,10PJ
10,8683,10PE
10,8690,10PE
10,9230,10PJ
10,9232,10PJ
11,0681,11PN
11,0689,11PN
11,1756,11PN
11,3806,11PN
11,3807,11PN
11,3836,11PN
11,3837,11PN
11,3846,11PN
11,3847,11PN
11,3866,11PN
11,3887,11PN
11,3924,11PC
11,3927,11PH
11,3942,11PH
11,3943,11PH
11,3950,11PN
11,3955,11PC
11,3958,11PN
11,3959,11PN
11,3971,11PN
11,3977,11PN
11,3978,11PN
11,3979,11PN
11,3993,11PH
11,3994,11PH
11,4052,11PC
11,4053,11PC
11,4059,11PC
11,5411,11PH
11,5419,11PH
11,5421,11PH
11,5492,11PH
11,5493,11PB
11,5495,11PH
11,5501,11PC
11,5502,11PC
11,5503,11PC
11,5504,11PC
11,5511,11PC
11,5512,11PC
11,5524,11PC
11,5529,11PC
11,5531,11PC
11,5532,11PC
11,5533,11PC
11,5534,11PM
11,5535,11PC
11,5539,11PC
11,554,11PC
11,5551,11PC
11,5552,11PC
11,5553,11PC
11,5554,11PC
11,5561,11PC
11,5569,11PA
11,557,11PC
11,5581,11PC
11,5582,11PC
11,5583,11PC
11,5584,11PC
11,5585,11PC
11,5586,11PC
11,5587,11PC
11,5589,11PC
11,5591,11PC
11,5597,11PC
11,5598,11PC
11,5599,11PC
11,560,11PF
11,561,11PC
11,562,11PC
11,5631,11PJ
11,5634,11PC
11,5639,11PC
11,5640,11PC
11,5641,11PC
11,5642,11PC
11,5651,11PC
11,5652,11PC
11,5661,11PC
11,5662,11PC
11,5671,11PC
11,5672,11PC
11,5673,11PC
11,5674,11PC
11,5675,11PC
11,5679,11PC
11,5681,11PC
11,5682,11PC
11,5683,11PC
11,5684,11PC
11,5685,11PC
11,5686,11PC
11,5689,11PC
11,5691,11PK
11,5692,11PC
11,5693,11PC
11,5694,11PC
11,5695,11PC
11,5699,11PC
11,570,11PE
11,5712,11PE
11,5718,11PE
11,5719,11PE
11,5721,11PE
11,5722,11PE
11,5731,11PK
11,5732,11PK
11,5733,11PF
11,5734,11PE
11,5739,11PE
11,5741,11PF
11,5749,11PF
11,5751,11PE
11,5759,11PE
11,576,11PE
11,5771,11PC
11,5779,11PC
11,5781,11PE
11,5782,11PE
11,5783,11PE
11,5784,11PE
11,5785,11PE
11,5786,11PE
11,5787,11PE
11,5788,11PE
11,5789,11PE
11,5791,11PE
11,5793,11PE
11,5796,11PE
11,5797,11PE
11,5798,11PE
11,5799,11PE
11,580,11PG
11,581,11PG
11,5841,11PG
11,5843,11PG
11,5844,11PG
11,5846,11PG
11,5847,11PG
11,5849,11PG
11,585,11PG
11,5891,11PG
11,5892,11PG
11,5893,11PE
11,5899,11PG
11,5900,11PC
11,5902,11PC
11,5903,11PM
11,5909,11PC
11,5912,11PM
11,5921,11PE
11,5929,11PE
11,593,11PE
11,594,11PE
11,595,11PE
11,5971,11PE
11,5979,11PE
11,598,11PK
11,5991,11PE
11,5992,11PE
11,6012,11PF
11,6021,11PD
11,6029,11PD
11,603,11PC
11,6069,11PC
11,6095,11PF
11,640,11PH
11,6496,11PH
11,6824,11PN
11,6825,11PN
11,7050,11PE
11,7051,11PE
11,7740,11PH
11,8774,11PK
11,9971,11PL
12,4024,12PF
12,4050,12PF
12,4053,12PA
12,4054,12PA
12,5503,12PF
12,5651,12PF
12,5661,12PF
12,5662,12PF
12,5672,12PF
12,5691,12PG
12,570,12PF
12,5718,12PF
12,5719,12PF
12,5721,12PF
12,5722,12PF
12,5731,12PG
12,5732,12PG
12,5733,12PF
12,5739,12PF
12,5749,12PF
12,576,12PA
12,5771,12PA
12,5784,12PF
12,581,12PF
12,5843,12PD
12,5845,12PD
12,5846,12PD
12,5847,12PF
12,5849,12PD
12,585,12PD
12,5899,12PF
12,598,12PG
12,600,12PF
12,6012,12PF
12,6014,12PF
12,6015,12PF
12,6018,12PF
12,6019,12PF
12,6021,12PB
12,6029,12PB
12,603,12PA
12,604,12PA
12,605,12PA
12,6061,12PF
12,6062,12PA
12,6069,12PA
12,6072,12PF
12,6073,12PF
12,6079,12PF
12,6081,12PF
12,6082,12PF
12,6094,12PF
12,6095,12PF
12,6096,12PB
12,6097,12PB
12,6099,12PF
12,612,12PC
12,613,12PF
12,6142,12PC
12,6149,12PC
12,6192,12PC
12,6199,12PC
12,620,12PC
12,6212,12PC
12,6219,12PC
12,622,12PC
12,623,12PC
12,6241,12PC
12,6242,12PC
12,625,12PC
12,6261,12PC
12,6269,12PC
12,627,12PC
12,6299,12PC
12,6309,12PC
12,631,12PC
12,632,12PC
12,633,12PC
12,634,12PC
12,6351,12PC
12,6359,12PC
12,6381,12PC
12,6382,12PC
12,6383,12PC
12,6385,12PC
12,6389,12PC
12,6392,12PC
12,6393,12PC
12,6394,12PC
12,6395,12PC
12,6399,12PC
12,640,12PE
12,6411,12PD
12,642,12PD
12,643,12PD
12,6441,12PD
12,6442,12PD
12,6443,12PD
12,6444,12PD
12,6445,12PD
12,6449,12PD
12,6492,12PD
12,6493,12PD
12,6495,12PD
12,6497,12PD
12,6498,12PD
12,6499,12PD
12,8774,12PG
12,9227,12PF
13,0524,13PH
13,4024,13PH
13,4029,13PH
13,403,13PH
13,4050,13PA
13,4052,13PA
13,4053,13PA
13,4054,13PA
13,4059,13PA
13,4603,13PH
13,4711,13PM
13,4719,13PH
13,5411,13PH
13,5419,13PH
13,5421,13PH
13,5423,13PH
13,5429,13PH
13,544,13PH
13,5451,13PM
13,5459,13PH
13,5461,13PH
13,5462,13PH
13,5502,13PH
13,5503,13PH
13,5641,13PH
13,5651,13PH
13,5652,13PH
13,5661,13PH
13,5662,13PH
13,5671,13PH
13,5675,13PH
13,5684,13PH
13,570,13PH
13,5717,13PH
13,5718,13PH
13,5719,13PH
13,5733,13PH
13,5734,13PH
13,5749,13PH
13,576,13PH
13,5779,13PH
13,5784,13PH
13,5785,13PC
13,5789,13PH
13,580,13PH
13,5843,13PH
13,5849,13PH
13,585,13PH
13,5899,13PH
13,5902,13PH
13,5903,13PM
13,5911,13PH
13,5912,13PM
13,594,13PC
13,595,13PC
13,596,13PC
13,5971,13PC
13,5979,13PC
13,598,13PH
13,6501,13PK
13,6509,13PB
13,6511,13PB
13,6512,13PB
13,6513,13PK
13,6514,13PK
13,6519,13PB
13,6521,13PB
13,6522,13PB
13,6523,13PK
13,6524,13PK
13,6525,13PK
13,6529,13PB
13,6531,13PK
13,6539,13PB
13,6541,13PK
13,6549,13PB
13,6551,13PB
13,6552,13PB
13,6553,13PK
13,6554,13PK
13,6561,13PB
13,6562,13PB
13,6563,13PK
13,6564,13PK
13,6571,13PB
13,6572,13PB
13,6573,13PB
13,6574,13PK
13,6576,13PK
13,6579,13PB
13,6581,13PM
13,6589,13PB
13,6591,13PB
13,6592,13PB
13,6593,13PB
13,6594,13PB
13,6595,13PB
13,6599,13PB
13,6601,13PB
13,6602,13PB
13,6611,13PB
13,6619,13PB
13,6621,13PF
13,6622,13PF
13,6629,13PF
13,6631,13PE
13,6632,13PE
13,6639,13PE
13,664,13PB
13,6651,13PB
13,6652,13PB
13,6661,13PB
13,6662,13PB
13,6663,13PE
13,6669,13PB
13,6671,13PB
13,6672,13PB
13,6673,13PB
13,6674,13PB
13,6679,13PB
13,6692,13PB
13,6693,13PB
13,6694,13PB
13,6695,13PH
13,6696,13PB
13,6697,13PB
13,6699,13PB
13,6711,13PD
13,6712,13PD
13,6719,13PD
13,672,13PD
13,6731,13PD
13,6732,13PD
13,6733,13PD
13,6739,13PD
13,674,13PD
13,6751,13PD
13,6759,13PD
13,6761,13PD
13,6769,13PD
13,680,13PB
13,6812,13PG
13,6813,13PB
13,6814,13PB
13,6815,13PE
13,6816,13PG
13,6819,13PB
13,6821,13PB
13,6822,13PB
13,6823,13PG
13,6829,13PB
13,6831,13PK
13,6839,13PB
13,6841,13PK
13,6849,13PB
13,6851,13PK
13,6859,13PB
13,6861,13PL
13,6869,13PA
13,6871,13PL
13,6879,13PA
13,688,13PJ
13,689,13PB
13,6909,13PG
13,6919,13PB
13,6921,13PC
13,6922,13PC
13,6923,13PC
13,6929,13PC
13,693,13PB
13,6941,13PB
13,6942,13PB
13,6949,13PB
13,6995,13PD
13,6998,13PC
13,6999,13PH
13,7012,13PH
13,7013,13PD
13,7014,13PD
13,7023,13PD
13,7024,13PD
13,7029,13PD
13,7031,13PD
13,7032,13PD
13,7033,13PD
13,704,13PC
13,7050,13PC
13,7051,13PC
13,7052,13PC
13,7053,13PC
13,7054,13PC
13,7055,13PC
13,7061,13PC
13,7062,13PC
13,7063,13PC
13,7071,13PD
13,7072,13PD
13,7073,13PD
13,7075,13PD
13,7076,13PD
13,7077,13PC
13,7078,13PC
13,7079,13PD
13,708,13PC
13,7091,13PD
13,7092,13PD
13,7093,13PD
13,7101,13PD
13,7109,13PD
13,7111,13PD
13,7119,13PD
13,7122,13PD
13,7123,13PD
13,7124,13PD
13,7129,13PD
13,713,13PD
13,714,13PD
13,715,13PA
13,7161,13PD
13,7162,13PD
13,7171,13PD
13,7172,13PD
13,7179,13PD
13,718,13PD
13,719,13PH
13,8774,13PH
16,0799,16PB
16,3422,16PB
16,3886,16PB
16,400,16PB
16,4011,16PB
16,4019,16PB
16,4021,16PB
16,4023,16PB
16,4024,16PB
16,4029,16PB
16,409,16PB
16,412,16PA
16,4131,16PB
16,4133,16PB
16,4141,16PA
16,4142,16PA
16,4143,16PA
16,415,16PA
16,4193,16PA
16,4194,16PA
16,4195,16PA
16,4199,16PB
17,0112,17PA
17,0114,17PA
17,0131,17PA
17,0139,17PA
17,0151,17PA
17,0153,17PA
17,0159,17PA
17,016,17PA
17,022,17PA
17,0221,17PA
17,0222,17PA
17,0299,17PA
17,0309,17PA
17,0329,17PA
17,0332,17PA
17,034,17PA
17,0372,17PA
17,0716,17PA
17,0782,17PA
17,3229,17PA
17,3402,17PA
17,3422,17PA
17,3426,17PA
17,343,17PA
17,3451,17PA
17,3712,17PA
17,3724,17PA
17,3731,17PA
17,4040,17PA
17,4041,17PA
17,4042,17PA
17,4051,17PA
17,4053,17PA
17,4054,17PA
17,409,17PA
17,4141,17PA
17,4142,17PA
17,415,17PA
17,4194,17PA
17,4211,17PA
17,436,17PA
17,437,17PA
17,4389,17PA
17,4399,17PA
17,4431,17PA
17,4439,17PA
17,4503,17PA
17,4533,17PA
17,4534,17PA
17,4541,17PA
17,4562,17PA
17,4563,17PA
17,4573,17PA
17,4574,17PA
17,4575,17PA
17,4576,17PA
17,4579,17PA
17,4582,17PA
17,4583,17PA
17,4590,17PA
17,4591,17PA
17,4592,17PA
17,4593,17PA
17,4594,17PA
17,4595,17PA
17,4601,17PA
17,4602,17PA
17,4603,17PA
17,4610,17PA
17,4611,17PA
17,4613,17PA
17,4620,17PA
17,4621,17PA
17,4623,17PA
17,4641,17PA
17,4681,17PA
17,4850,17PA
17,4851,17PA
17,4852,17PA
17,4859,17PA
17,4863,17PA
17,5012,17PA
17,5014,17PA
17,5123,17PA
17,5132,17PA
17,5136,17PA
17,5137,17PA
17,5149,17PA
17,5199,17PA
17,544,17PA
17,5651,17PA
17,576,17PA
21,0131,21PD
21,0139,21PD
21,0159,21PD
21,0206,21PD
21,0207,21PD
21,0211,21PD
21,022,21PD
21,0221,21PD
21,0222,21PD
21,0234,21PD
21,0242,21PD
21,0243,21PD
21,0359,21PD
21,0394,21PD
21,0398,21PD
21,0404,21PD
21,043,21PD
21,0474,21PD
21,0475,21PD
21,0476,21PD
21,0479,21PD
21,0602,21PD
21,0609,21PD
21,0692,21PD
21,0693,21PD
21,1152,21PD
21,1163,21PD
21,1164,21PD
21,1169,21PD
21,1191,21PD
21,1192,21PD
21,1255,21PD
21,1283,21PD
21,1372,21PD
21,1390,21PD
21,1474,21PD
21,1663,21PD
21,1664,21PD
21,1672,21PD
21,1681,21PD
21,1756,21PD
21,2106,21PD
21,2109,21PD
21,242,21PD
21,2641,21PD
21,2649,21PD
21,2753,21PD
21,287,21PD
21,2951,21PD
21,3161,21PD
21,3164,21PD
21,3169,21PD
21,3171,21PD
21,3179,21PD
21,329,21PD
21,3341,21PD
21,3342,21PD
21,3343,21PD
21,3348,21PD
21,3349,21PD
21,3402,21PD
21,3403,21PD
21,3473,21PD
21,3479,21PD
21,3482,21PD
21,3484,21PD
21,3493,21PD
21,3499,21PD
21,3775,21PD
21,3779,21PD
21,3800,21PD
21,3802,21PD
21,3803,21PD
21,3808,21PD
21,3809,21PD
21,3810,21PD
21,3830,21PD
21,3832,21PD
21,3833,21PD
21,3838,21PD
21,3840,21PD
21,3842,21PD
21,3843,21PD
21,3848,21PD
21,3849,21PD
21,3860,21PD
21,3862,21PD
21,3863,21PD
21,3868,21PD
21,3869,21PD
21,3880,21PD
21,3882,21PD
21,3883,21PD
21,3885,21PD
21,3887,21PD
21,3888,21PD
21,3889,21PD
21,3922,21PD
21,3927,21PD
21,3929,21PD
21,3930,21PD
21,3931,21PD
21,3932,21PD
21,3941,21PD
21,3942,21PD
21,3943,21PD
21,3949,21PD
21,3950,21PD
21,3952,21PD
21,3956,21PD
21,3957,21PD
21,3958,21PD
21,3959,21PD
21,3971,21PD
21,3972,21PD
21,3975,21PD
21,3976,21PD
21,3977,21PD
21,3978,21PD
21,3979,21PD
21,3998,21PD
21,3999,21PD
21,4143,21PD
21,445,21PD
21,4461,21PD
21,4469,21PD
21,4502,21PD
21,4562,21PD
21,4572,21PD
21,4573,21PD
21,4574,21PD
21,4575,21PD
21,4576,21PD
21,4579,21PD
21,4583,21PD
21,4590,21PD
21,4591,21PD
21,4592,21PD
21,4593,21PD
21,4594,21PD
21,4595,21PD
21,4601,21PD
21,4604,21PD
21,4610,21PD
21,4611,21PD
21,4620,21PD
21,4621,21PD
21,4641,21PD
21,4642,21PD
21,4643,21PD
21,4651,21PD
21,4652,21PD
21,4671,21PD
21,4673,21PD
21,4674,21PD
21,4675,21PD
21,4676,21PD
21,4679,21PD
21,4869,21PD
21,4871,21PD
21,4876,21PD
21,4879,21PD
21,4971,21PD
21,4975,21PD
21,4979,21PD
21,4995,21PD
21,4999,21PD
21,5061,21PD
21,5069,21PD
21,5122,21PD
21,5123,21PD
21,5136,21PD
21,5137,21PD
21,5139,21PD
21,5142,21PD
21,5143,21PD
21,5159,21PD
21,5171,21PD
21,5179,21PD
21,5191,21PD
21,5194,21PD
21,5195,21PD
21,5199,21PD
21,5295,21PD
21,5361,21PD
21,540,21PD
21,5411,21PD
21,5419,21PD
21,5461,21PD
21,5462,21PD
21,5463,21PD
21,5464,21PD
21,5472,21PD
21,5473,21PD
21,5474,21PD
21,5475,21PD
21,5492,21PD
21,5493,21PD
21,5495,21PD
21,5503,21PD
21,5524,21PD
21,554,21PD
21,5551,21PD
21,5589,21PD
21,5598,21PD
21,560,21PD
21,5652,21PD
21,5674,21PD
21,5675,21PD
21,5682,21PD
21,5689,21PD
21,5781,21PD
21,5793,21PD
21,5841,21PD
21,5842,21PD
21,5843,21PD
21,5849,21PD
21,585,21PD
21,6094,21PD
21,6149,21PD
21,6199,21PD
21,620,21PD
21,623,21PD
21,6261,21PD
21,6269,21PD
21,6441,21PD
21,6444,21PD
21,6449,21PD
21,6579,21PD
21,6761,21PD
21,6769,21PD
21,6824,21PD
21,6825,21PD
21,6941,21PD
21,7071,21PD
21,7079,21PD
21,7171,21PD
21,7179,21PD
21,7601,21PD
21,7731,21PD
21,7758,21PD
21,7764,21PC
21,7769,21PD
21,7814,21PC
21,7829,21PD
21,7862,21PD
21,7863,21PD
21,7864,21PC
21,7865,21PD
21,7866,21PD
21,7867,21PD
21,7868,21PD
21,7869,21PD
21,8021,21PD
21,8026,21PD
21,806,21PD
21,8081,21PD
21,8082,21PD
21,8084,21PC
21,8086,21PD
21,8087,21PD
21,8094,21PC
21,8096,21PD
21,8145,21PD
21,8146,21PD
21,8147,21PD
21,8149,21PD
21,8152,21PD
21,8159,21PD
21,8171,21PC
21,8172,21PC
21,8175,21PC
21,8179,21PC
21,8183,21PD
21,8185,21PD
21,8193,21PD
21,8194,21PD
21,8195,21PD
21,8196,21PD
21,8201,21PC
21,8202,21PC
21,8209,21PC
21,8212,21PC
21,8219,21PC
21,8221,21PC
21,8229,21PC
21,8233,21PC
21,8234,21PC
21,8235,21PC
21,8236,21PC
21,8239,21PC
21,8241,21PC
21,8242,21PC
21,8243,21PC
21,8244,21PC
21,8245,21PC
21,8246,21PC
21,8252,21PC
21,8253,21PC
21,8259,21PC
21,8261,21PC
21,8269,21PC
21,8271,21PC
21,8272,21PC
21,8279,21PC
21,8282,21PC
21,8283,21PC
21,8284,21PC
21,8286,21PC
21,8289,21PC
21,8291,21PC
21,8299,21PC
21,8301,21PD
21,8302,21PD
21,8309,21PD
21,8313,21PD
21,8314,21PD
21,8319,21PD
21,8332,21PD
21,8339,21PD
21,8341,21PD
21,8342,21PD
21,8344,21PD
21,8345,21PD
21,8361,21PD
21,8362,21PD
21,8364,21PD
21,8365,21PD
21,8373,21PD
21,8374,21PD
21,8379,21PD
21,8381,21PD
21,8382,21PD
21,8383,21PD
21,8385,21PD
21,8386,21PD
21,8387,21PD
21,8388,21PD
21,8389,21PD
21,8391,21PD
21,8392,21PD
21,8393,21PD
21,8399,21PD
21,8400,21PD
21,8401,21PC
21,8402,21PC
21,8403,21PD
21,8404,21PD
21,8405,21PD
21,8406,21PD
21,8407,21PD
21,8408,21PD
21,8410,21PD
21,8411,21PD
21,8412,21PD
21,8413,21PD
21,8415,21PD
21,8416,21PD
21,8417,21PD
21,8421,21PC
21,8422,21PC
21,8423,21PD
21,8425,21PD
21,8427,21PD
21,8429,21PD
21,843,21PD
21,8459,21PD
21,8463,21PD
21,8466,21PD
21,8468,21PD
21,8521,21PD
21,8531,21PD
21,8570,21PD
21,8584,21PB
21,8589,21PD
21,8593,21PD
21,8594,21PD
21,8596,21PD
21,8622,21PA
21,8622*1,21PF
21,8660,21PB
21,8661,21PC
21,8662,21PC
21,8663,21PB
21,8665,21PB
21,8666,21PB
21,8667,21PB
21,8669,21PB
21,8670,21PB
21,8672,21PB
21,8673,21PC
21,8674,21PB
21,8675,21PB
21,8683,21PD
21,8684,21PD
21,8686,21PD
21,8687,21PD
21,8689,21PD
21,8690,21PD
21,8691,21PD
21,C7080,21PE
21,C7081,21PE
21,C7082,21PE
21,C7085,21PE
21,C7086,21PE
21,C7087,21PE
21,C7180,21PE
21,C7181,21PE
21,C7182,21PE
21,C7185,21PE
21,C7186,21PE
21,C7187,21PE
21,C7280,21PE
21,C7283,21PE
21,C7380,21PE
21,C7381,21PE
21,C7382,21PE
21,C7385,21PE
21,C7386,21PE
21,C7387,21PE
21,C7480,21PE
21,C7481,21PE
21,C7482,21PE
21,C7483,21PE
21,C7485,21PE
21,C7486,21PE
21,C7487,21PE
21,C7680,21PE
21,C7685,21PE
21,C7686,21PE
21,C7687,21PE
